[ERROR] HF Response Error: {"error":"https://api-inference.huggingface.co is no longer supported. Please use https://router.huggingface.co/hf-inference instead."}
Traceback (most recent call last):
  File "D:\Yogesh\Testing\Office Work Projects\UI-Chat App\src\chatstack\models\hf_infer.py", line 35, in complete
    r.raise_for_status()
    ~~~~~~~~~~~~~~~~~~^^
  File "D:\Yogesh\Testing\Office Work Projects\UI-Chat App\.venv\Lib\site-packages\httpx\_models.py", line 829, in raise_for_status
    raise HTTPStatusError(message, request=request, response=self)
httpx.HTTPStatusError: Client error '410 Gone' for url 'https://api-inference.huggingface.co/models/microsoft/Phi-3-mini-4k-instruct'
For more information check: https://developer.mozilla.org/en-US/docs/Web/HTTP/Status/410
[ERROR] Unhandled error: Client error '410 Gone' for url 'https://api-inference.huggingface.co/models/microsoft/Phi-3-mini-4k-instruct'
For more information check: https://developer.mozilla.org/en-US/docs/Web/HTTP/Status/410
Traceback (most recent call last):
  File "D:\Yogesh\Testing\Office Work Projects\UI-Chat App\.venv\Lib\site-packages\starlette\middleware\errors.py", line 164, in __call__
    await self.app(scope, receive, _send)
  File "D:\Yogesh\Testing\Office Work Projects\UI-Chat App\.venv\Lib\site-packages\starlette\middleware\exceptions.py", line 63, in __call__
    await wrap_app_handling_exceptions(self.app, conn)(scope, receive, send)
  File "D:\Yogesh\Testing\Office Work Projects\UI-Chat App\.venv\Lib\site-packages\starlette\_exception_handler.py", line 53, in wrapped_app
    raise exc
  File "D:\Yogesh\Testing\Office Work Projects\UI-Chat App\.venv\Lib\site-packages\starlette\_exception_handler.py", line 42, in wrapped_app
    await app(scope, receive, sender)
  File "D:\Yogesh\Testing\Office Work Projects\UI-Chat App\.venv\Lib\site-packages\fastapi\middleware\asyncexitstack.py", line 18, in __call__
    await self.app(scope, receive, send)
  File "D:\Yogesh\Testing\Office Work Projects\UI-Chat App\.venv\Lib\site-packages\starlette\routing.py", line 716, in __call__
    await self.middleware_stack(scope, receive, send)
  File "D:\Yogesh\Testing\Office Work Projects\UI-Chat App\.venv\Lib\site-packages\starlette\routing.py", line 736, in app
    await route.handle(scope, receive, send)
  File "D:\Yogesh\Testing\Office Work Projects\UI-Chat App\.venv\Lib\site-packages\starlette\routing.py", line 290, in handle
    await self.app(scope, receive, send)
  File "D:\Yogesh\Testing\Office Work Projects\UI-Chat App\.venv\Lib\site-packages\fastapi\routing.py", line 125, in app
    await wrap_app_handling_exceptions(app, request)(scope, receive, send)
  File "D:\Yogesh\Testing\Office Work Projects\UI-Chat App\.venv\Lib\site-packages\starlette\_exception_handler.py", line 53, in wrapped_app
    raise exc
  File "D:\Yogesh\Testing\Office Work Projects\UI-Chat App\.venv\Lib\site-packages\starlette\_exception_handler.py", line 42, in wrapped_app
    await app(scope, receive, sender)
  File "D:\Yogesh\Testing\Office Work Projects\UI-Chat App\.venv\Lib\site-packages\fastapi\routing.py", line 111, in app
    response = await f(request)
               ^^^^^^^^^^^^^^^^
  File "D:\Yogesh\Testing\Office Work Projects\UI-Chat App\.venv\Lib\site-packages\fastapi\routing.py", line 391, in app
    raw_response = await run_endpoint_function(
                   ^^^^^^^^^^^^^^^^^^^^^^^^^^^^
    ...<3 lines>...
    )
    ^
  File "D:\Yogesh\Testing\Office Work Projects\UI-Chat App\.venv\Lib\site-packages\fastapi\routing.py", line 290, in run_endpoint_function
    return await dependant.call(**values)
           ^^^^^^^^^^^^^^^^^^^^^^^^^^^^^^
  File "D:\Yogesh\Testing\Office Work Projects\UI-Chat App\src\chatstack\api\server.py", line 59, in chat
    content = await backend.complete([m.model_dump() for m in req.messages], temperature=req.temperature)
              ^^^^^^^^^^^^^^^^^^^^^^^^^^^^^^^^^^^^^^^^^^^^^^^^^^^^^^^^^^^^^^^^^^^^^^^^^^^^^^^^^^^^^^^^^^^
  File "D:\Yogesh\Testing\Office Work Projects\UI-Chat App\src\chatstack\models\hf_infer.py", line 35, in complete
    r.raise_for_status()
    ~~~~~~~~~~~~~~~~~~^^
  File "D:\Yogesh\Testing\Office Work Projects\UI-Chat App\.venv\Lib\site-packages\httpx\_models.py", line 829, in raise_for_status
    raise HTTPStatusError(message, request=request, response=self)
httpx.HTTPStatusError: Client error '410 Gone' for url 'https://api-inference.huggingface.co/models/microsoft/Phi-3-mini-4k-instruct'
For more information check: https://developer.mozilla.org/en-US/docs/Web/HTTP/Status/410
[ERROR] HF Response Error: Not Found
Traceback (most recent call last):
  File "D:\Yogesh\Testing\Office Work Projects\UI-Chat App\src\chatstack\models\hf_infer.py", line 35, in complete
    r.raise_for_status()
    ~~~~~~~~~~~~~~~~~~^^
  File "D:\Yogesh\Testing\Office Work Projects\UI-Chat App\.venv\Lib\site-packages\httpx\_models.py", line 829, in raise_for_status
    raise HTTPStatusError(message, request=request, response=self)
httpx.HTTPStatusError: Client error '404 Not Found' for url 'https://router.huggingface.co/hf-inference/microsoft/Phi-3-mini-4k-instruct'
For more information check: https://developer.mozilla.org/en-US/docs/Web/HTTP/Status/404
[ERROR] Unhandled error: Client error '404 Not Found' for url 'https://router.huggingface.co/hf-inference/microsoft/Phi-3-mini-4k-instruct'
For more information check: https://developer.mozilla.org/en-US/docs/Web/HTTP/Status/404
Traceback (most recent call last):
  File "D:\Yogesh\Testing\Office Work Projects\UI-Chat App\.venv\Lib\site-packages\starlette\middleware\errors.py", line 164, in __call__
    await self.app(scope, receive, _send)
  File "D:\Yogesh\Testing\Office Work Projects\UI-Chat App\.venv\Lib\site-packages\starlette\middleware\exceptions.py", line 63, in __call__
    await wrap_app_handling_exceptions(self.app, conn)(scope, receive, send)
  File "D:\Yogesh\Testing\Office Work Projects\UI-Chat App\.venv\Lib\site-packages\starlette\_exception_handler.py", line 53, in wrapped_app
    raise exc
  File "D:\Yogesh\Testing\Office Work Projects\UI-Chat App\.venv\Lib\site-packages\starlette\_exception_handler.py", line 42, in wrapped_app
    await app(scope, receive, sender)
  File "D:\Yogesh\Testing\Office Work Projects\UI-Chat App\.venv\Lib\site-packages\fastapi\middleware\asyncexitstack.py", line 18, in __call__
    await self.app(scope, receive, send)
  File "D:\Yogesh\Testing\Office Work Projects\UI-Chat App\.venv\Lib\site-packages\starlette\routing.py", line 716, in __call__
    await self.middleware_stack(scope, receive, send)
  File "D:\Yogesh\Testing\Office Work Projects\UI-Chat App\.venv\Lib\site-packages\starlette\routing.py", line 736, in app
    await route.handle(scope, receive, send)
  File "D:\Yogesh\Testing\Office Work Projects\UI-Chat App\.venv\Lib\site-packages\starlette\routing.py", line 290, in handle
    await self.app(scope, receive, send)
  File "D:\Yogesh\Testing\Office Work Projects\UI-Chat App\.venv\Lib\site-packages\fastapi\routing.py", line 125, in app
    await wrap_app_handling_exceptions(app, request)(scope, receive, send)
  File "D:\Yogesh\Testing\Office Work Projects\UI-Chat App\.venv\Lib\site-packages\starlette\_exception_handler.py", line 53, in wrapped_app
    raise exc
  File "D:\Yogesh\Testing\Office Work Projects\UI-Chat App\.venv\Lib\site-packages\starlette\_exception_handler.py", line 42, in wrapped_app
    await app(scope, receive, sender)
  File "D:\Yogesh\Testing\Office Work Projects\UI-Chat App\.venv\Lib\site-packages\fastapi\routing.py", line 111, in app
    response = await f(request)
               ^^^^^^^^^^^^^^^^
  File "D:\Yogesh\Testing\Office Work Projects\UI-Chat App\.venv\Lib\site-packages\fastapi\routing.py", line 391, in app
    raw_response = await run_endpoint_function(
                   ^^^^^^^^^^^^^^^^^^^^^^^^^^^^
    ...<3 lines>...
    )
    ^
  File "D:\Yogesh\Testing\Office Work Projects\UI-Chat App\.venv\Lib\site-packages\fastapi\routing.py", line 290, in run_endpoint_function
    return await dependant.call(**values)
           ^^^^^^^^^^^^^^^^^^^^^^^^^^^^^^
  File "D:\Yogesh\Testing\Office Work Projects\UI-Chat App\src\chatstack\api\server.py", line 59, in chat
    content = await backend.complete([m.model_dump() for m in req.messages], temperature=req.temperature)
              ^^^^^^^^^^^^^^^^^^^^^^^^^^^^^^^^^^^^^^^^^^^^^^^^^^^^^^^^^^^^^^^^^^^^^^^^^^^^^^^^^^^^^^^^^^^
  File "D:\Yogesh\Testing\Office Work Projects\UI-Chat App\src\chatstack\models\hf_infer.py", line 35, in complete
    r.raise_for_status()
    ~~~~~~~~~~~~~~~~~~^^
  File "D:\Yogesh\Testing\Office Work Projects\UI-Chat App\.venv\Lib\site-packages\httpx\_models.py", line 829, in raise_for_status
    raise HTTPStatusError(message, request=request, response=self)
httpx.HTTPStatusError: Client error '404 Not Found' for url 'https://router.huggingface.co/hf-inference/microsoft/Phi-3-mini-4k-instruct'
For more information check: https://developer.mozilla.org/en-US/docs/Web/HTTP/Status/404
[ERROR] HF Response Error: Not Found
Traceback (most recent call last):
  File "D:\Yogesh\Testing\Office Work Projects\UI-Chat App\src\chatstack\models\hf_infer.py", line 35, in complete
    r.raise_for_status()
    ~~~~~~~~~~~~~~~~~~^^
  File "D:\Yogesh\Testing\Office Work Projects\UI-Chat App\.venv\Lib\site-packages\httpx\_models.py", line 829, in raise_for_status
    raise HTTPStatusError(message, request=request, response=self)
httpx.HTTPStatusError: Client error '404 Not Found' for url 'https://router.huggingface.co/hf-inference/models/microsoft/Phi-3-mini-4k-instruct'
For more information check: https://developer.mozilla.org/en-US/docs/Web/HTTP/Status/404
[ERROR] Unhandled error: Client error '404 Not Found' for url 'https://router.huggingface.co/hf-inference/models/microsoft/Phi-3-mini-4k-instruct'
For more information check: https://developer.mozilla.org/en-US/docs/Web/HTTP/Status/404
Traceback (most recent call last):
  File "D:\Yogesh\Testing\Office Work Projects\UI-Chat App\.venv\Lib\site-packages\starlette\middleware\errors.py", line 164, in __call__
    await self.app(scope, receive, _send)
  File "D:\Yogesh\Testing\Office Work Projects\UI-Chat App\.venv\Lib\site-packages\starlette\middleware\exceptions.py", line 63, in __call__
    await wrap_app_handling_exceptions(self.app, conn)(scope, receive, send)
  File "D:\Yogesh\Testing\Office Work Projects\UI-Chat App\.venv\Lib\site-packages\starlette\_exception_handler.py", line 53, in wrapped_app
    raise exc
  File "D:\Yogesh\Testing\Office Work Projects\UI-Chat App\.venv\Lib\site-packages\starlette\_exception_handler.py", line 42, in wrapped_app
    await app(scope, receive, sender)
  File "D:\Yogesh\Testing\Office Work Projects\UI-Chat App\.venv\Lib\site-packages\fastapi\middleware\asyncexitstack.py", line 18, in __call__
    await self.app(scope, receive, send)
  File "D:\Yogesh\Testing\Office Work Projects\UI-Chat App\.venv\Lib\site-packages\starlette\routing.py", line 716, in __call__
    await self.middleware_stack(scope, receive, send)
  File "D:\Yogesh\Testing\Office Work Projects\UI-Chat App\.venv\Lib\site-packages\starlette\routing.py", line 736, in app
    await route.handle(scope, receive, send)
  File "D:\Yogesh\Testing\Office Work Projects\UI-Chat App\.venv\Lib\site-packages\starlette\routing.py", line 290, in handle
    await self.app(scope, receive, send)
  File "D:\Yogesh\Testing\Office Work Projects\UI-Chat App\.venv\Lib\site-packages\fastapi\routing.py", line 125, in app
    await wrap_app_handling_exceptions(app, request)(scope, receive, send)
  File "D:\Yogesh\Testing\Office Work Projects\UI-Chat App\.venv\Lib\site-packages\starlette\_exception_handler.py", line 53, in wrapped_app
    raise exc
  File "D:\Yogesh\Testing\Office Work Projects\UI-Chat App\.venv\Lib\site-packages\starlette\_exception_handler.py", line 42, in wrapped_app
    await app(scope, receive, sender)
  File "D:\Yogesh\Testing\Office Work Projects\UI-Chat App\.venv\Lib\site-packages\fastapi\routing.py", line 111, in app
    response = await f(request)
               ^^^^^^^^^^^^^^^^
  File "D:\Yogesh\Testing\Office Work Projects\UI-Chat App\.venv\Lib\site-packages\fastapi\routing.py", line 391, in app
    raw_response = await run_endpoint_function(
                   ^^^^^^^^^^^^^^^^^^^^^^^^^^^^
    ...<3 lines>...
    )
    ^
  File "D:\Yogesh\Testing\Office Work Projects\UI-Chat App\.venv\Lib\site-packages\fastapi\routing.py", line 290, in run_endpoint_function
    return await dependant.call(**values)
           ^^^^^^^^^^^^^^^^^^^^^^^^^^^^^^
  File "D:\Yogesh\Testing\Office Work Projects\UI-Chat App\src\chatstack\api\server.py", line 59, in chat
    content = await backend.complete([m.model_dump() for m in req.messages], temperature=req.temperature)
              ^^^^^^^^^^^^^^^^^^^^^^^^^^^^^^^^^^^^^^^^^^^^^^^^^^^^^^^^^^^^^^^^^^^^^^^^^^^^^^^^^^^^^^^^^^^
  File "D:\Yogesh\Testing\Office Work Projects\UI-Chat App\src\chatstack\models\hf_infer.py", line 35, in complete
    r.raise_for_status()
    ~~~~~~~~~~~~~~~~~~^^
  File "D:\Yogesh\Testing\Office Work Projects\UI-Chat App\.venv\Lib\site-packages\httpx\_models.py", line 829, in raise_for_status
    raise HTTPStatusError(message, request=request, response=self)
httpx.HTTPStatusError: Client error '404 Not Found' for url 'https://router.huggingface.co/hf-inference/models/microsoft/Phi-3-mini-4k-instruct'
For more information check: https://developer.mozilla.org/en-US/docs/Web/HTTP/Status/404
[ERROR] HF Inference error: [SSL: CERTIFICATE_VERIFY_FAILED] certificate verify failed: self-signed certificate in certificate chain (_ssl.c:1028)
Traceback (most recent call last):
  File "D:\Yogesh\Testing\Office Work Projects\UI-Chat App\.venv\Lib\site-packages\httpx\_transports\default.py", line 101, in map_httpcore_exceptions
    yield
  File "D:\Yogesh\Testing\Office Work Projects\UI-Chat App\.venv\Lib\site-packages\httpx\_transports\default.py", line 250, in handle_request
    resp = self._pool.handle_request(req)
  File "D:\Yogesh\Testing\Office Work Projects\UI-Chat App\.venv\Lib\site-packages\httpcore\_sync\connection_pool.py", line 256, in handle_request
    raise exc from None
  File "D:\Yogesh\Testing\Office Work Projects\UI-Chat App\.venv\Lib\site-packages\httpcore\_sync\connection_pool.py", line 236, in handle_request
    response = connection.handle_request(
        pool_request.request
    )
  File "D:\Yogesh\Testing\Office Work Projects\UI-Chat App\.venv\Lib\site-packages\httpcore\_sync\connection.py", line 101, in handle_request
    raise exc
  File "D:\Yogesh\Testing\Office Work Projects\UI-Chat App\.venv\Lib\site-packages\httpcore\_sync\connection.py", line 78, in handle_request
    stream = self._connect(request)
  File "D:\Yogesh\Testing\Office Work Projects\UI-Chat App\.venv\Lib\site-packages\httpcore\_sync\connection.py", line 156, in _connect
    stream = stream.start_tls(**kwargs)
  File "D:\Yogesh\Testing\Office Work Projects\UI-Chat App\.venv\Lib\site-packages\httpcore\_backends\sync.py", line 154, in start_tls
    with map_exceptions(exc_map):
         ~~~~~~~~~~~~~~^^^^^^^^^
  File "D:\Yogesh\Python\Lib\contextlib.py", line 162, in __exit__
    self.gen.throw(value)
    ~~~~~~~~~~~~~~^^^^^^^
  File "D:\Yogesh\Testing\Office Work Projects\UI-Chat App\.venv\Lib\site-packages\httpcore\_exceptions.py", line 14, in map_exceptions
    raise to_exc(exc) from exc
httpcore.ConnectError: [SSL: CERTIFICATE_VERIFY_FAILED] certificate verify failed: self-signed certificate in certificate chain (_ssl.c:1028)

The above exception was the direct cause of the following exception:

Traceback (most recent call last):
  File "D:\Yogesh\Testing\Office Work Projects\UI-Chat App\src\chatstack\models\hf_infer.py", line 44, in complete
    result = await asyncio.to_thread(_call)
             ^^^^^^^^^^^^^^^^^^^^^^^^^^^^^^
  File "D:\Yogesh\Python\Lib\asyncio\threads.py", line 25, in to_thread
    return await loop.run_in_executor(None, func_call)
           ^^^^^^^^^^^^^^^^^^^^^^^^^^^^^^^^^^^^^^^^^^^
  File "D:\Yogesh\Python\Lib\concurrent\futures\thread.py", line 59, in run
    result = self.fn(*self.args, **self.kwargs)
  File "D:\Yogesh\Testing\Office Work Projects\UI-Chat App\src\chatstack\models\hf_infer.py", line 35, in _call
    return self.client.text_generation(
           ~~~~~~~~~~~~~~~~~~~~~~~~~~~^
        prompt,
        ^^^^^^^
    ...<3 lines>...
        return_full_text=False,
        ^^^^^^^^^^^^^^^^^^^^^^^
    )
    ^
  File "D:\Yogesh\Testing\Office Work Projects\UI-Chat App\.venv\Lib\site-packages\huggingface_hub\inference\_client.py", line 2373, in text_generation
    provider_helper = get_provider_helper(self.provider, task="text-generation", model=model_id)
  File "D:\Yogesh\Testing\Office Work Projects\UI-Chat App\.venv\Lib\site-packages\huggingface_hub\inference\_providers\__init__.py", line 239, in get_provider_helper
    provider_mapping = _fetch_inference_provider_mapping(model)
  File "D:\Yogesh\Testing\Office Work Projects\UI-Chat App\.venv\Lib\site-packages\huggingface_hub\inference\_providers\_common.py", line 346, in _fetch_inference_provider_mapping
    info = HfApi().model_info(model, expand=["inferenceProviderMapping"])
  File "D:\Yogesh\Testing\Office Work Projects\UI-Chat App\.venv\Lib\site-packages\huggingface_hub\utils\_validators.py", line 89, in _inner_fn
    return fn(*args, **kwargs)
  File "D:\Yogesh\Testing\Office Work Projects\UI-Chat App\.venv\Lib\site-packages\huggingface_hub\hf_api.py", line 2551, in model_info
    r = get_session().get(path, headers=headers, timeout=timeout, params=params)
  File "D:\Yogesh\Testing\Office Work Projects\UI-Chat App\.venv\Lib\site-packages\httpx\_client.py", line 1053, in get
    return self.request(
           ~~~~~~~~~~~~^
        "GET",
        ^^^^^^
    ...<7 lines>...
        extensions=extensions,
        ^^^^^^^^^^^^^^^^^^^^^^
    )
    ^
  File "D:\Yogesh\Testing\Office Work Projects\UI-Chat App\.venv\Lib\site-packages\httpx\_client.py", line 825, in request
    return self.send(request, auth=auth, follow_redirects=follow_redirects)
           ~~~~~~~~~^^^^^^^^^^^^^^^^^^^^^^^^^^^^^^^^^^^^^^^^^^^^^^^^^^^^^^^
  File "D:\Yogesh\Testing\Office Work Projects\UI-Chat App\.venv\Lib\site-packages\httpx\_client.py", line 914, in send
    response = self._send_handling_auth(
        request,
    ...<2 lines>...
        history=[],
    )
  File "D:\Yogesh\Testing\Office Work Projects\UI-Chat App\.venv\Lib\site-packages\httpx\_client.py", line 942, in _send_handling_auth
    response = self._send_handling_redirects(
        request,
        follow_redirects=follow_redirects,
        history=history,
    )
  File "D:\Yogesh\Testing\Office Work Projects\UI-Chat App\.venv\Lib\site-packages\httpx\_client.py", line 979, in _send_handling_redirects
    response = self._send_single_request(request)
  File "D:\Yogesh\Testing\Office Work Projects\UI-Chat App\.venv\Lib\site-packages\httpx\_client.py", line 1014, in _send_single_request
    response = transport.handle_request(request)
  File "D:\Yogesh\Testing\Office Work Projects\UI-Chat App\.venv\Lib\site-packages\httpx\_transports\default.py", line 249, in handle_request
    with map_httpcore_exceptions():
         ~~~~~~~~~~~~~~~~~~~~~~~^^
  File "D:\Yogesh\Python\Lib\contextlib.py", line 162, in __exit__
    self.gen.throw(value)
    ~~~~~~~~~~~~~~^^^^^^^
  File "D:\Yogesh\Testing\Office Work Projects\UI-Chat App\.venv\Lib\site-packages\httpx\_transports\default.py", line 118, in map_httpcore_exceptions
    raise mapped_exc(message) from exc
httpx.ConnectError: [SSL: CERTIFICATE_VERIFY_FAILED] certificate verify failed: self-signed certificate in certificate chain (_ssl.c:1028)
[ERROR] Unhandled error: [SSL: CERTIFICATE_VERIFY_FAILED] certificate verify failed: self-signed certificate in certificate chain (_ssl.c:1028)
Traceback (most recent call last):
  File "D:\Yogesh\Testing\Office Work Projects\UI-Chat App\.venv\Lib\site-packages\httpx\_transports\default.py", line 101, in map_httpcore_exceptions
    yield
  File "D:\Yogesh\Testing\Office Work Projects\UI-Chat App\.venv\Lib\site-packages\httpx\_transports\default.py", line 250, in handle_request
    resp = self._pool.handle_request(req)
  File "D:\Yogesh\Testing\Office Work Projects\UI-Chat App\.venv\Lib\site-packages\httpcore\_sync\connection_pool.py", line 256, in handle_request
    raise exc from None
  File "D:\Yogesh\Testing\Office Work Projects\UI-Chat App\.venv\Lib\site-packages\httpcore\_sync\connection_pool.py", line 236, in handle_request
    response = connection.handle_request(
        pool_request.request
    )
  File "D:\Yogesh\Testing\Office Work Projects\UI-Chat App\.venv\Lib\site-packages\httpcore\_sync\connection.py", line 101, in handle_request
    raise exc
  File "D:\Yogesh\Testing\Office Work Projects\UI-Chat App\.venv\Lib\site-packages\httpcore\_sync\connection.py", line 78, in handle_request
    stream = self._connect(request)
  File "D:\Yogesh\Testing\Office Work Projects\UI-Chat App\.venv\Lib\site-packages\httpcore\_sync\connection.py", line 156, in _connect
    stream = stream.start_tls(**kwargs)
  File "D:\Yogesh\Testing\Office Work Projects\UI-Chat App\.venv\Lib\site-packages\httpcore\_backends\sync.py", line 154, in start_tls
    with map_exceptions(exc_map):
         ~~~~~~~~~~~~~~^^^^^^^^^
  File "D:\Yogesh\Python\Lib\contextlib.py", line 162, in __exit__
    self.gen.throw(value)
    ~~~~~~~~~~~~~~^^^^^^^
  File "D:\Yogesh\Testing\Office Work Projects\UI-Chat App\.venv\Lib\site-packages\httpcore\_exceptions.py", line 14, in map_exceptions
    raise to_exc(exc) from exc
httpcore.ConnectError: [SSL: CERTIFICATE_VERIFY_FAILED] certificate verify failed: self-signed certificate in certificate chain (_ssl.c:1028)

The above exception was the direct cause of the following exception:

Traceback (most recent call last):
  File "D:\Yogesh\Testing\Office Work Projects\UI-Chat App\.venv\Lib\site-packages\starlette\middleware\errors.py", line 164, in __call__
    await self.app(scope, receive, _send)
  File "D:\Yogesh\Testing\Office Work Projects\UI-Chat App\.venv\Lib\site-packages\starlette\middleware\exceptions.py", line 63, in __call__
    await wrap_app_handling_exceptions(self.app, conn)(scope, receive, send)
  File "D:\Yogesh\Testing\Office Work Projects\UI-Chat App\.venv\Lib\site-packages\starlette\_exception_handler.py", line 53, in wrapped_app
    raise exc
  File "D:\Yogesh\Testing\Office Work Projects\UI-Chat App\.venv\Lib\site-packages\starlette\_exception_handler.py", line 42, in wrapped_app
    await app(scope, receive, sender)
  File "D:\Yogesh\Testing\Office Work Projects\UI-Chat App\.venv\Lib\site-packages\fastapi\middleware\asyncexitstack.py", line 18, in __call__
    await self.app(scope, receive, send)
  File "D:\Yogesh\Testing\Office Work Projects\UI-Chat App\.venv\Lib\site-packages\starlette\routing.py", line 716, in __call__
    await self.middleware_stack(scope, receive, send)
  File "D:\Yogesh\Testing\Office Work Projects\UI-Chat App\.venv\Lib\site-packages\starlette\routing.py", line 736, in app
    await route.handle(scope, receive, send)
  File "D:\Yogesh\Testing\Office Work Projects\UI-Chat App\.venv\Lib\site-packages\starlette\routing.py", line 290, in handle
    await self.app(scope, receive, send)
  File "D:\Yogesh\Testing\Office Work Projects\UI-Chat App\.venv\Lib\site-packages\fastapi\routing.py", line 125, in app
    await wrap_app_handling_exceptions(app, request)(scope, receive, send)
  File "D:\Yogesh\Testing\Office Work Projects\UI-Chat App\.venv\Lib\site-packages\starlette\_exception_handler.py", line 53, in wrapped_app
    raise exc
  File "D:\Yogesh\Testing\Office Work Projects\UI-Chat App\.venv\Lib\site-packages\starlette\_exception_handler.py", line 42, in wrapped_app
    await app(scope, receive, sender)
  File "D:\Yogesh\Testing\Office Work Projects\UI-Chat App\.venv\Lib\site-packages\fastapi\routing.py", line 111, in app
    response = await f(request)
               ^^^^^^^^^^^^^^^^
  File "D:\Yogesh\Testing\Office Work Projects\UI-Chat App\.venv\Lib\site-packages\fastapi\routing.py", line 391, in app
    raw_response = await run_endpoint_function(
                   ^^^^^^^^^^^^^^^^^^^^^^^^^^^^
    ...<3 lines>...
    )
    ^
  File "D:\Yogesh\Testing\Office Work Projects\UI-Chat App\.venv\Lib\site-packages\fastapi\routing.py", line 290, in run_endpoint_function
    return await dependant.call(**values)
           ^^^^^^^^^^^^^^^^^^^^^^^^^^^^^^
  File "D:\Yogesh\Testing\Office Work Projects\UI-Chat App\src\chatstack\api\server.py", line 58, in chat
    content = await backend.complete([m.model_dump() for m in req.messages], temperature=req.temperature)
              ^^^^^^^^^^^^^^^^^^^^^^^^^^^^^^^^^^^^^^^^^^^^^^^^^^^^^^^^^^^^^^^^^^^^^^^^^^^^^^^^^^^^^^^^^^^
  File "D:\Yogesh\Testing\Office Work Projects\UI-Chat App\src\chatstack\models\hf_infer.py", line 44, in complete
    result = await asyncio.to_thread(_call)
             ^^^^^^^^^^^^^^^^^^^^^^^^^^^^^^
  File "D:\Yogesh\Python\Lib\asyncio\threads.py", line 25, in to_thread
    return await loop.run_in_executor(None, func_call)
           ^^^^^^^^^^^^^^^^^^^^^^^^^^^^^^^^^^^^^^^^^^^
  File "D:\Yogesh\Python\Lib\concurrent\futures\thread.py", line 59, in run
    result = self.fn(*self.args, **self.kwargs)
  File "D:\Yogesh\Testing\Office Work Projects\UI-Chat App\src\chatstack\models\hf_infer.py", line 35, in _call
    return self.client.text_generation(
           ~~~~~~~~~~~~~~~~~~~~~~~~~~~^
        prompt,
        ^^^^^^^
    ...<3 lines>...
        return_full_text=False,
        ^^^^^^^^^^^^^^^^^^^^^^^
    )
    ^
  File "D:\Yogesh\Testing\Office Work Projects\UI-Chat App\.venv\Lib\site-packages\huggingface_hub\inference\_client.py", line 2373, in text_generation
    provider_helper = get_provider_helper(self.provider, task="text-generation", model=model_id)
  File "D:\Yogesh\Testing\Office Work Projects\UI-Chat App\.venv\Lib\site-packages\huggingface_hub\inference\_providers\__init__.py", line 239, in get_provider_helper
    provider_mapping = _fetch_inference_provider_mapping(model)
  File "D:\Yogesh\Testing\Office Work Projects\UI-Chat App\.venv\Lib\site-packages\huggingface_hub\inference\_providers\_common.py", line 346, in _fetch_inference_provider_mapping
    info = HfApi().model_info(model, expand=["inferenceProviderMapping"])
  File "D:\Yogesh\Testing\Office Work Projects\UI-Chat App\.venv\Lib\site-packages\huggingface_hub\utils\_validators.py", line 89, in _inner_fn
    return fn(*args, **kwargs)
  File "D:\Yogesh\Testing\Office Work Projects\UI-Chat App\.venv\Lib\site-packages\huggingface_hub\hf_api.py", line 2551, in model_info
    r = get_session().get(path, headers=headers, timeout=timeout, params=params)
  File "D:\Yogesh\Testing\Office Work Projects\UI-Chat App\.venv\Lib\site-packages\httpx\_client.py", line 1053, in get
    return self.request(
           ~~~~~~~~~~~~^
        "GET",
        ^^^^^^
    ...<7 lines>...
        extensions=extensions,
        ^^^^^^^^^^^^^^^^^^^^^^
    )
    ^
  File "D:\Yogesh\Testing\Office Work Projects\UI-Chat App\.venv\Lib\site-packages\httpx\_client.py", line 825, in request
    return self.send(request, auth=auth, follow_redirects=follow_redirects)
           ~~~~~~~~~^^^^^^^^^^^^^^^^^^^^^^^^^^^^^^^^^^^^^^^^^^^^^^^^^^^^^^^
  File "D:\Yogesh\Testing\Office Work Projects\UI-Chat App\.venv\Lib\site-packages\httpx\_client.py", line 914, in send
    response = self._send_handling_auth(
        request,
    ...<2 lines>...
        history=[],
    )
  File "D:\Yogesh\Testing\Office Work Projects\UI-Chat App\.venv\Lib\site-packages\httpx\_client.py", line 942, in _send_handling_auth
    response = self._send_handling_redirects(
        request,
        follow_redirects=follow_redirects,
        history=history,
    )
  File "D:\Yogesh\Testing\Office Work Projects\UI-Chat App\.venv\Lib\site-packages\httpx\_client.py", line 979, in _send_handling_redirects
    response = self._send_single_request(request)
  File "D:\Yogesh\Testing\Office Work Projects\UI-Chat App\.venv\Lib\site-packages\httpx\_client.py", line 1014, in _send_single_request
    response = transport.handle_request(request)
  File "D:\Yogesh\Testing\Office Work Projects\UI-Chat App\.venv\Lib\site-packages\httpx\_transports\default.py", line 249, in handle_request
    with map_httpcore_exceptions():
         ~~~~~~~~~~~~~~~~~~~~~~~^^
  File "D:\Yogesh\Python\Lib\contextlib.py", line 162, in __exit__
    self.gen.throw(value)
    ~~~~~~~~~~~~~~^^^^^^^
  File "D:\Yogesh\Testing\Office Work Projects\UI-Chat App\.venv\Lib\site-packages\httpx\_transports\default.py", line 118, in map_httpcore_exceptions
    raise mapped_exc(message) from exc
httpx.ConnectError: [SSL: CERTIFICATE_VERIFY_FAILED] certificate verify failed: self-signed certificate in certificate chain (_ssl.c:1028)
[ERROR] HF Inference error: [SSL: CERTIFICATE_VERIFY_FAILED] certificate verify failed: self-signed certificate in certificate chain (_ssl.c:1028)
Traceback (most recent call last):
  File "D:\Yogesh\Testing\Office Work Projects\UI-Chat App\.venv\Lib\site-packages\httpx\_transports\default.py", line 101, in map_httpcore_exceptions
    yield
  File "D:\Yogesh\Testing\Office Work Projects\UI-Chat App\.venv\Lib\site-packages\httpx\_transports\default.py", line 250, in handle_request
    resp = self._pool.handle_request(req)
  File "D:\Yogesh\Testing\Office Work Projects\UI-Chat App\.venv\Lib\site-packages\httpcore\_sync\connection_pool.py", line 256, in handle_request
    raise exc from None
  File "D:\Yogesh\Testing\Office Work Projects\UI-Chat App\.venv\Lib\site-packages\httpcore\_sync\connection_pool.py", line 236, in handle_request
    response = connection.handle_request(
        pool_request.request
    )
  File "D:\Yogesh\Testing\Office Work Projects\UI-Chat App\.venv\Lib\site-packages\httpcore\_sync\connection.py", line 101, in handle_request
    raise exc
  File "D:\Yogesh\Testing\Office Work Projects\UI-Chat App\.venv\Lib\site-packages\httpcore\_sync\connection.py", line 78, in handle_request
    stream = self._connect(request)
  File "D:\Yogesh\Testing\Office Work Projects\UI-Chat App\.venv\Lib\site-packages\httpcore\_sync\connection.py", line 156, in _connect
    stream = stream.start_tls(**kwargs)
  File "D:\Yogesh\Testing\Office Work Projects\UI-Chat App\.venv\Lib\site-packages\httpcore\_backends\sync.py", line 154, in start_tls
    with map_exceptions(exc_map):
         ~~~~~~~~~~~~~~^^^^^^^^^
  File "D:\Yogesh\Python\Lib\contextlib.py", line 162, in __exit__
    self.gen.throw(value)
    ~~~~~~~~~~~~~~^^^^^^^
  File "D:\Yogesh\Testing\Office Work Projects\UI-Chat App\.venv\Lib\site-packages\httpcore\_exceptions.py", line 14, in map_exceptions
    raise to_exc(exc) from exc
httpcore.ConnectError: [SSL: CERTIFICATE_VERIFY_FAILED] certificate verify failed: self-signed certificate in certificate chain (_ssl.c:1028)

The above exception was the direct cause of the following exception:

Traceback (most recent call last):
  File "D:\Yogesh\Testing\Office Work Projects\UI-Chat App\src\chatstack\models\hf_infer.py", line 44, in complete
    result = await asyncio.to_thread(_call)
             ^^^^^^^^^^^^^^^^^^^^^^^^^^^^^^
  File "D:\Yogesh\Python\Lib\asyncio\threads.py", line 25, in to_thread
    return await loop.run_in_executor(None, func_call)
           ^^^^^^^^^^^^^^^^^^^^^^^^^^^^^^^^^^^^^^^^^^^
  File "D:\Yogesh\Python\Lib\concurrent\futures\thread.py", line 59, in run
    result = self.fn(*self.args, **self.kwargs)
  File "D:\Yogesh\Testing\Office Work Projects\UI-Chat App\src\chatstack\models\hf_infer.py", line 35, in _call
    return self.client.text_generation(
           ~~~~~~~~~~~~~~~~~~~~~~~~~~~^
        prompt,
        ^^^^^^^
    ...<3 lines>...
        return_full_text=False,
        ^^^^^^^^^^^^^^^^^^^^^^^
    )
    ^
  File "D:\Yogesh\Testing\Office Work Projects\UI-Chat App\.venv\Lib\site-packages\huggingface_hub\inference\_client.py", line 2373, in text_generation
    provider_helper = get_provider_helper(self.provider, task="text-generation", model=model_id)
  File "D:\Yogesh\Testing\Office Work Projects\UI-Chat App\.venv\Lib\site-packages\huggingface_hub\inference\_providers\__init__.py", line 239, in get_provider_helper
    provider_mapping = _fetch_inference_provider_mapping(model)
  File "D:\Yogesh\Testing\Office Work Projects\UI-Chat App\.venv\Lib\site-packages\huggingface_hub\inference\_providers\_common.py", line 346, in _fetch_inference_provider_mapping
    info = HfApi().model_info(model, expand=["inferenceProviderMapping"])
  File "D:\Yogesh\Testing\Office Work Projects\UI-Chat App\.venv\Lib\site-packages\huggingface_hub\utils\_validators.py", line 89, in _inner_fn
    return fn(*args, **kwargs)
  File "D:\Yogesh\Testing\Office Work Projects\UI-Chat App\.venv\Lib\site-packages\huggingface_hub\hf_api.py", line 2551, in model_info
    r = get_session().get(path, headers=headers, timeout=timeout, params=params)
  File "D:\Yogesh\Testing\Office Work Projects\UI-Chat App\.venv\Lib\site-packages\httpx\_client.py", line 1053, in get
    return self.request(
           ~~~~~~~~~~~~^
        "GET",
        ^^^^^^
    ...<7 lines>...
        extensions=extensions,
        ^^^^^^^^^^^^^^^^^^^^^^
    )
    ^
  File "D:\Yogesh\Testing\Office Work Projects\UI-Chat App\.venv\Lib\site-packages\httpx\_client.py", line 825, in request
    return self.send(request, auth=auth, follow_redirects=follow_redirects)
           ~~~~~~~~~^^^^^^^^^^^^^^^^^^^^^^^^^^^^^^^^^^^^^^^^^^^^^^^^^^^^^^^
  File "D:\Yogesh\Testing\Office Work Projects\UI-Chat App\.venv\Lib\site-packages\httpx\_client.py", line 914, in send
    response = self._send_handling_auth(
        request,
    ...<2 lines>...
        history=[],
    )
  File "D:\Yogesh\Testing\Office Work Projects\UI-Chat App\.venv\Lib\site-packages\httpx\_client.py", line 942, in _send_handling_auth
    response = self._send_handling_redirects(
        request,
        follow_redirects=follow_redirects,
        history=history,
    )
  File "D:\Yogesh\Testing\Office Work Projects\UI-Chat App\.venv\Lib\site-packages\httpx\_client.py", line 979, in _send_handling_redirects
    response = self._send_single_request(request)
  File "D:\Yogesh\Testing\Office Work Projects\UI-Chat App\.venv\Lib\site-packages\httpx\_client.py", line 1014, in _send_single_request
    response = transport.handle_request(request)
  File "D:\Yogesh\Testing\Office Work Projects\UI-Chat App\.venv\Lib\site-packages\httpx\_transports\default.py", line 249, in handle_request
    with map_httpcore_exceptions():
         ~~~~~~~~~~~~~~~~~~~~~~~^^
  File "D:\Yogesh\Python\Lib\contextlib.py", line 162, in __exit__
    self.gen.throw(value)
    ~~~~~~~~~~~~~~^^^^^^^
  File "D:\Yogesh\Testing\Office Work Projects\UI-Chat App\.venv\Lib\site-packages\httpx\_transports\default.py", line 118, in map_httpcore_exceptions
    raise mapped_exc(message) from exc
httpx.ConnectError: [SSL: CERTIFICATE_VERIFY_FAILED] certificate verify failed: self-signed certificate in certificate chain (_ssl.c:1028)
[ERROR] Unhandled error: [SSL: CERTIFICATE_VERIFY_FAILED] certificate verify failed: self-signed certificate in certificate chain (_ssl.c:1028)
Traceback (most recent call last):
  File "D:\Yogesh\Testing\Office Work Projects\UI-Chat App\.venv\Lib\site-packages\httpx\_transports\default.py", line 101, in map_httpcore_exceptions
    yield
  File "D:\Yogesh\Testing\Office Work Projects\UI-Chat App\.venv\Lib\site-packages\httpx\_transports\default.py", line 250, in handle_request
    resp = self._pool.handle_request(req)
  File "D:\Yogesh\Testing\Office Work Projects\UI-Chat App\.venv\Lib\site-packages\httpcore\_sync\connection_pool.py", line 256, in handle_request
    raise exc from None
  File "D:\Yogesh\Testing\Office Work Projects\UI-Chat App\.venv\Lib\site-packages\httpcore\_sync\connection_pool.py", line 236, in handle_request
    response = connection.handle_request(
        pool_request.request
    )
  File "D:\Yogesh\Testing\Office Work Projects\UI-Chat App\.venv\Lib\site-packages\httpcore\_sync\connection.py", line 101, in handle_request
    raise exc
  File "D:\Yogesh\Testing\Office Work Projects\UI-Chat App\.venv\Lib\site-packages\httpcore\_sync\connection.py", line 78, in handle_request
    stream = self._connect(request)
  File "D:\Yogesh\Testing\Office Work Projects\UI-Chat App\.venv\Lib\site-packages\httpcore\_sync\connection.py", line 156, in _connect
    stream = stream.start_tls(**kwargs)
  File "D:\Yogesh\Testing\Office Work Projects\UI-Chat App\.venv\Lib\site-packages\httpcore\_backends\sync.py", line 154, in start_tls
    with map_exceptions(exc_map):
         ~~~~~~~~~~~~~~^^^^^^^^^
  File "D:\Yogesh\Python\Lib\contextlib.py", line 162, in __exit__
    self.gen.throw(value)
    ~~~~~~~~~~~~~~^^^^^^^
  File "D:\Yogesh\Testing\Office Work Projects\UI-Chat App\.venv\Lib\site-packages\httpcore\_exceptions.py", line 14, in map_exceptions
    raise to_exc(exc) from exc
httpcore.ConnectError: [SSL: CERTIFICATE_VERIFY_FAILED] certificate verify failed: self-signed certificate in certificate chain (_ssl.c:1028)

The above exception was the direct cause of the following exception:

Traceback (most recent call last):
  File "D:\Yogesh\Testing\Office Work Projects\UI-Chat App\.venv\Lib\site-packages\starlette\middleware\errors.py", line 164, in __call__
    await self.app(scope, receive, _send)
  File "D:\Yogesh\Testing\Office Work Projects\UI-Chat App\.venv\Lib\site-packages\starlette\middleware\exceptions.py", line 63, in __call__
    await wrap_app_handling_exceptions(self.app, conn)(scope, receive, send)
  File "D:\Yogesh\Testing\Office Work Projects\UI-Chat App\.venv\Lib\site-packages\starlette\_exception_handler.py", line 53, in wrapped_app
    raise exc
  File "D:\Yogesh\Testing\Office Work Projects\UI-Chat App\.venv\Lib\site-packages\starlette\_exception_handler.py", line 42, in wrapped_app
    await app(scope, receive, sender)
  File "D:\Yogesh\Testing\Office Work Projects\UI-Chat App\.venv\Lib\site-packages\fastapi\middleware\asyncexitstack.py", line 18, in __call__
    await self.app(scope, receive, send)
  File "D:\Yogesh\Testing\Office Work Projects\UI-Chat App\.venv\Lib\site-packages\starlette\routing.py", line 716, in __call__
    await self.middleware_stack(scope, receive, send)
  File "D:\Yogesh\Testing\Office Work Projects\UI-Chat App\.venv\Lib\site-packages\starlette\routing.py", line 736, in app
    await route.handle(scope, receive, send)
  File "D:\Yogesh\Testing\Office Work Projects\UI-Chat App\.venv\Lib\site-packages\starlette\routing.py", line 290, in handle
    await self.app(scope, receive, send)
  File "D:\Yogesh\Testing\Office Work Projects\UI-Chat App\.venv\Lib\site-packages\fastapi\routing.py", line 125, in app
    await wrap_app_handling_exceptions(app, request)(scope, receive, send)
  File "D:\Yogesh\Testing\Office Work Projects\UI-Chat App\.venv\Lib\site-packages\starlette\_exception_handler.py", line 53, in wrapped_app
    raise exc
  File "D:\Yogesh\Testing\Office Work Projects\UI-Chat App\.venv\Lib\site-packages\starlette\_exception_handler.py", line 42, in wrapped_app
    await app(scope, receive, sender)
  File "D:\Yogesh\Testing\Office Work Projects\UI-Chat App\.venv\Lib\site-packages\fastapi\routing.py", line 111, in app
    response = await f(request)
               ^^^^^^^^^^^^^^^^
  File "D:\Yogesh\Testing\Office Work Projects\UI-Chat App\.venv\Lib\site-packages\fastapi\routing.py", line 391, in app
    raw_response = await run_endpoint_function(
                   ^^^^^^^^^^^^^^^^^^^^^^^^^^^^
    ...<3 lines>...
    )
    ^
  File "D:\Yogesh\Testing\Office Work Projects\UI-Chat App\.venv\Lib\site-packages\fastapi\routing.py", line 290, in run_endpoint_function
    return await dependant.call(**values)
           ^^^^^^^^^^^^^^^^^^^^^^^^^^^^^^
  File "D:\Yogesh\Testing\Office Work Projects\UI-Chat App\src\chatstack\api\server.py", line 58, in chat
    content = await backend.complete([m.model_dump() for m in req.messages], temperature=req.temperature)
              ^^^^^^^^^^^^^^^^^^^^^^^^^^^^^^^^^^^^^^^^^^^^^^^^^^^^^^^^^^^^^^^^^^^^^^^^^^^^^^^^^^^^^^^^^^^
  File "D:\Yogesh\Testing\Office Work Projects\UI-Chat App\src\chatstack\models\hf_infer.py", line 44, in complete
    result = await asyncio.to_thread(_call)
             ^^^^^^^^^^^^^^^^^^^^^^^^^^^^^^
  File "D:\Yogesh\Python\Lib\asyncio\threads.py", line 25, in to_thread
    return await loop.run_in_executor(None, func_call)
           ^^^^^^^^^^^^^^^^^^^^^^^^^^^^^^^^^^^^^^^^^^^
  File "D:\Yogesh\Python\Lib\concurrent\futures\thread.py", line 59, in run
    result = self.fn(*self.args, **self.kwargs)
  File "D:\Yogesh\Testing\Office Work Projects\UI-Chat App\src\chatstack\models\hf_infer.py", line 35, in _call
    return self.client.text_generation(
           ~~~~~~~~~~~~~~~~~~~~~~~~~~~^
        prompt,
        ^^^^^^^
    ...<3 lines>...
        return_full_text=False,
        ^^^^^^^^^^^^^^^^^^^^^^^
    )
    ^
  File "D:\Yogesh\Testing\Office Work Projects\UI-Chat App\.venv\Lib\site-packages\huggingface_hub\inference\_client.py", line 2373, in text_generation
    provider_helper = get_provider_helper(self.provider, task="text-generation", model=model_id)
  File "D:\Yogesh\Testing\Office Work Projects\UI-Chat App\.venv\Lib\site-packages\huggingface_hub\inference\_providers\__init__.py", line 239, in get_provider_helper
    provider_mapping = _fetch_inference_provider_mapping(model)
  File "D:\Yogesh\Testing\Office Work Projects\UI-Chat App\.venv\Lib\site-packages\huggingface_hub\inference\_providers\_common.py", line 346, in _fetch_inference_provider_mapping
    info = HfApi().model_info(model, expand=["inferenceProviderMapping"])
  File "D:\Yogesh\Testing\Office Work Projects\UI-Chat App\.venv\Lib\site-packages\huggingface_hub\utils\_validators.py", line 89, in _inner_fn
    return fn(*args, **kwargs)
  File "D:\Yogesh\Testing\Office Work Projects\UI-Chat App\.venv\Lib\site-packages\huggingface_hub\hf_api.py", line 2551, in model_info
    r = get_session().get(path, headers=headers, timeout=timeout, params=params)
  File "D:\Yogesh\Testing\Office Work Projects\UI-Chat App\.venv\Lib\site-packages\httpx\_client.py", line 1053, in get
    return self.request(
           ~~~~~~~~~~~~^
        "GET",
        ^^^^^^
    ...<7 lines>...
        extensions=extensions,
        ^^^^^^^^^^^^^^^^^^^^^^
    )
    ^
  File "D:\Yogesh\Testing\Office Work Projects\UI-Chat App\.venv\Lib\site-packages\httpx\_client.py", line 825, in request
    return self.send(request, auth=auth, follow_redirects=follow_redirects)
           ~~~~~~~~~^^^^^^^^^^^^^^^^^^^^^^^^^^^^^^^^^^^^^^^^^^^^^^^^^^^^^^^
  File "D:\Yogesh\Testing\Office Work Projects\UI-Chat App\.venv\Lib\site-packages\httpx\_client.py", line 914, in send
    response = self._send_handling_auth(
        request,
    ...<2 lines>...
        history=[],
    )
  File "D:\Yogesh\Testing\Office Work Projects\UI-Chat App\.venv\Lib\site-packages\httpx\_client.py", line 942, in _send_handling_auth
    response = self._send_handling_redirects(
        request,
        follow_redirects=follow_redirects,
        history=history,
    )
  File "D:\Yogesh\Testing\Office Work Projects\UI-Chat App\.venv\Lib\site-packages\httpx\_client.py", line 979, in _send_handling_redirects
    response = self._send_single_request(request)
  File "D:\Yogesh\Testing\Office Work Projects\UI-Chat App\.venv\Lib\site-packages\httpx\_client.py", line 1014, in _send_single_request
    response = transport.handle_request(request)
  File "D:\Yogesh\Testing\Office Work Projects\UI-Chat App\.venv\Lib\site-packages\httpx\_transports\default.py", line 249, in handle_request
    with map_httpcore_exceptions():
         ~~~~~~~~~~~~~~~~~~~~~~~^^
  File "D:\Yogesh\Python\Lib\contextlib.py", line 162, in __exit__
    self.gen.throw(value)
    ~~~~~~~~~~~~~~^^^^^^^
  File "D:\Yogesh\Testing\Office Work Projects\UI-Chat App\.venv\Lib\site-packages\httpx\_transports\default.py", line 118, in map_httpcore_exceptions
    raise mapped_exc(message) from exc
httpx.ConnectError: [SSL: CERTIFICATE_VERIFY_FAILED] certificate verify failed: self-signed certificate in certificate chain (_ssl.c:1028)
[ERROR] HF Inference error: [SSL: CERTIFICATE_VERIFY_FAILED] certificate verify failed: self-signed certificate in certificate chain (_ssl.c:1028)
Traceback (most recent call last):
  File "D:\Yogesh\Testing\Office Work Projects\UI-Chat App\.venv\Lib\site-packages\httpx\_transports\default.py", line 101, in map_httpcore_exceptions
    yield
  File "D:\Yogesh\Testing\Office Work Projects\UI-Chat App\.venv\Lib\site-packages\httpx\_transports\default.py", line 250, in handle_request
    resp = self._pool.handle_request(req)
  File "D:\Yogesh\Testing\Office Work Projects\UI-Chat App\.venv\Lib\site-packages\httpcore\_sync\connection_pool.py", line 256, in handle_request
    raise exc from None
  File "D:\Yogesh\Testing\Office Work Projects\UI-Chat App\.venv\Lib\site-packages\httpcore\_sync\connection_pool.py", line 236, in handle_request
    response = connection.handle_request(
        pool_request.request
    )
  File "D:\Yogesh\Testing\Office Work Projects\UI-Chat App\.venv\Lib\site-packages\httpcore\_sync\connection.py", line 101, in handle_request
    raise exc
  File "D:\Yogesh\Testing\Office Work Projects\UI-Chat App\.venv\Lib\site-packages\httpcore\_sync\connection.py", line 78, in handle_request
    stream = self._connect(request)
  File "D:\Yogesh\Testing\Office Work Projects\UI-Chat App\.venv\Lib\site-packages\httpcore\_sync\connection.py", line 156, in _connect
    stream = stream.start_tls(**kwargs)
  File "D:\Yogesh\Testing\Office Work Projects\UI-Chat App\.venv\Lib\site-packages\httpcore\_backends\sync.py", line 154, in start_tls
    with map_exceptions(exc_map):
         ~~~~~~~~~~~~~~^^^^^^^^^
  File "D:\Yogesh\Python\Lib\contextlib.py", line 162, in __exit__
    self.gen.throw(value)
    ~~~~~~~~~~~~~~^^^^^^^
  File "D:\Yogesh\Testing\Office Work Projects\UI-Chat App\.venv\Lib\site-packages\httpcore\_exceptions.py", line 14, in map_exceptions
    raise to_exc(exc) from exc
httpcore.ConnectError: [SSL: CERTIFICATE_VERIFY_FAILED] certificate verify failed: self-signed certificate in certificate chain (_ssl.c:1028)

The above exception was the direct cause of the following exception:

Traceback (most recent call last):
  File "D:\Yogesh\Testing\Office Work Projects\UI-Chat App\src\chatstack\models\hf_infer.py", line 44, in complete
    result = await asyncio.to_thread(_call)
             ^^^^^^^^^^^^^^^^^^^^^^^^^^^^^^
  File "D:\Yogesh\Python\Lib\asyncio\threads.py", line 25, in to_thread
    return await loop.run_in_executor(None, func_call)
           ^^^^^^^^^^^^^^^^^^^^^^^^^^^^^^^^^^^^^^^^^^^
  File "D:\Yogesh\Python\Lib\concurrent\futures\thread.py", line 59, in run
    result = self.fn(*self.args, **self.kwargs)
  File "D:\Yogesh\Testing\Office Work Projects\UI-Chat App\src\chatstack\models\hf_infer.py", line 35, in _call
    return self.client.text_generation(
           ~~~~~~~~~~~~~~~~~~~~~~~~~~~^
        prompt,
        ^^^^^^^
    ...<3 lines>...
        return_full_text=False,
        ^^^^^^^^^^^^^^^^^^^^^^^
    )
    ^
  File "D:\Yogesh\Testing\Office Work Projects\UI-Chat App\.venv\Lib\site-packages\huggingface_hub\inference\_client.py", line 2373, in text_generation
    provider_helper = get_provider_helper(self.provider, task="text-generation", model=model_id)
  File "D:\Yogesh\Testing\Office Work Projects\UI-Chat App\.venv\Lib\site-packages\huggingface_hub\inference\_providers\__init__.py", line 239, in get_provider_helper
    provider_mapping = _fetch_inference_provider_mapping(model)
  File "D:\Yogesh\Testing\Office Work Projects\UI-Chat App\.venv\Lib\site-packages\huggingface_hub\inference\_providers\_common.py", line 346, in _fetch_inference_provider_mapping
    info = HfApi().model_info(model, expand=["inferenceProviderMapping"])
  File "D:\Yogesh\Testing\Office Work Projects\UI-Chat App\.venv\Lib\site-packages\huggingface_hub\utils\_validators.py", line 89, in _inner_fn
    return fn(*args, **kwargs)
  File "D:\Yogesh\Testing\Office Work Projects\UI-Chat App\.venv\Lib\site-packages\huggingface_hub\hf_api.py", line 2551, in model_info
    r = get_session().get(path, headers=headers, timeout=timeout, params=params)
  File "D:\Yogesh\Testing\Office Work Projects\UI-Chat App\.venv\Lib\site-packages\httpx\_client.py", line 1053, in get
    return self.request(
           ~~~~~~~~~~~~^
        "GET",
        ^^^^^^
    ...<7 lines>...
        extensions=extensions,
        ^^^^^^^^^^^^^^^^^^^^^^
    )
    ^
  File "D:\Yogesh\Testing\Office Work Projects\UI-Chat App\.venv\Lib\site-packages\httpx\_client.py", line 825, in request
    return self.send(request, auth=auth, follow_redirects=follow_redirects)
           ~~~~~~~~~^^^^^^^^^^^^^^^^^^^^^^^^^^^^^^^^^^^^^^^^^^^^^^^^^^^^^^^
  File "D:\Yogesh\Testing\Office Work Projects\UI-Chat App\.venv\Lib\site-packages\httpx\_client.py", line 914, in send
    response = self._send_handling_auth(
        request,
    ...<2 lines>...
        history=[],
    )
  File "D:\Yogesh\Testing\Office Work Projects\UI-Chat App\.venv\Lib\site-packages\httpx\_client.py", line 942, in _send_handling_auth
    response = self._send_handling_redirects(
        request,
        follow_redirects=follow_redirects,
        history=history,
    )
  File "D:\Yogesh\Testing\Office Work Projects\UI-Chat App\.venv\Lib\site-packages\httpx\_client.py", line 979, in _send_handling_redirects
    response = self._send_single_request(request)
  File "D:\Yogesh\Testing\Office Work Projects\UI-Chat App\.venv\Lib\site-packages\httpx\_client.py", line 1014, in _send_single_request
    response = transport.handle_request(request)
  File "D:\Yogesh\Testing\Office Work Projects\UI-Chat App\.venv\Lib\site-packages\httpx\_transports\default.py", line 249, in handle_request
    with map_httpcore_exceptions():
         ~~~~~~~~~~~~~~~~~~~~~~~^^
  File "D:\Yogesh\Python\Lib\contextlib.py", line 162, in __exit__
    self.gen.throw(value)
    ~~~~~~~~~~~~~~^^^^^^^
  File "D:\Yogesh\Testing\Office Work Projects\UI-Chat App\.venv\Lib\site-packages\httpx\_transports\default.py", line 118, in map_httpcore_exceptions
    raise mapped_exc(message) from exc
httpx.ConnectError: [SSL: CERTIFICATE_VERIFY_FAILED] certificate verify failed: self-signed certificate in certificate chain (_ssl.c:1028)
[ERROR] Unhandled error: [SSL: CERTIFICATE_VERIFY_FAILED] certificate verify failed: self-signed certificate in certificate chain (_ssl.c:1028)
Traceback (most recent call last):
  File "D:\Yogesh\Testing\Office Work Projects\UI-Chat App\.venv\Lib\site-packages\httpx\_transports\default.py", line 101, in map_httpcore_exceptions
    yield
  File "D:\Yogesh\Testing\Office Work Projects\UI-Chat App\.venv\Lib\site-packages\httpx\_transports\default.py", line 250, in handle_request
    resp = self._pool.handle_request(req)
  File "D:\Yogesh\Testing\Office Work Projects\UI-Chat App\.venv\Lib\site-packages\httpcore\_sync\connection_pool.py", line 256, in handle_request
    raise exc from None
  File "D:\Yogesh\Testing\Office Work Projects\UI-Chat App\.venv\Lib\site-packages\httpcore\_sync\connection_pool.py", line 236, in handle_request
    response = connection.handle_request(
        pool_request.request
    )
  File "D:\Yogesh\Testing\Office Work Projects\UI-Chat App\.venv\Lib\site-packages\httpcore\_sync\connection.py", line 101, in handle_request
    raise exc
  File "D:\Yogesh\Testing\Office Work Projects\UI-Chat App\.venv\Lib\site-packages\httpcore\_sync\connection.py", line 78, in handle_request
    stream = self._connect(request)
  File "D:\Yogesh\Testing\Office Work Projects\UI-Chat App\.venv\Lib\site-packages\httpcore\_sync\connection.py", line 156, in _connect
    stream = stream.start_tls(**kwargs)
  File "D:\Yogesh\Testing\Office Work Projects\UI-Chat App\.venv\Lib\site-packages\httpcore\_backends\sync.py", line 154, in start_tls
    with map_exceptions(exc_map):
         ~~~~~~~~~~~~~~^^^^^^^^^
  File "D:\Yogesh\Python\Lib\contextlib.py", line 162, in __exit__
    self.gen.throw(value)
    ~~~~~~~~~~~~~~^^^^^^^
  File "D:\Yogesh\Testing\Office Work Projects\UI-Chat App\.venv\Lib\site-packages\httpcore\_exceptions.py", line 14, in map_exceptions
    raise to_exc(exc) from exc
httpcore.ConnectError: [SSL: CERTIFICATE_VERIFY_FAILED] certificate verify failed: self-signed certificate in certificate chain (_ssl.c:1028)

The above exception was the direct cause of the following exception:

Traceback (most recent call last):
  File "D:\Yogesh\Testing\Office Work Projects\UI-Chat App\.venv\Lib\site-packages\starlette\middleware\errors.py", line 164, in __call__
    await self.app(scope, receive, _send)
  File "D:\Yogesh\Testing\Office Work Projects\UI-Chat App\.venv\Lib\site-packages\starlette\middleware\exceptions.py", line 63, in __call__
    await wrap_app_handling_exceptions(self.app, conn)(scope, receive, send)
  File "D:\Yogesh\Testing\Office Work Projects\UI-Chat App\.venv\Lib\site-packages\starlette\_exception_handler.py", line 53, in wrapped_app
    raise exc
  File "D:\Yogesh\Testing\Office Work Projects\UI-Chat App\.venv\Lib\site-packages\starlette\_exception_handler.py", line 42, in wrapped_app
    await app(scope, receive, sender)
  File "D:\Yogesh\Testing\Office Work Projects\UI-Chat App\.venv\Lib\site-packages\fastapi\middleware\asyncexitstack.py", line 18, in __call__
    await self.app(scope, receive, send)
  File "D:\Yogesh\Testing\Office Work Projects\UI-Chat App\.venv\Lib\site-packages\starlette\routing.py", line 716, in __call__
    await self.middleware_stack(scope, receive, send)
  File "D:\Yogesh\Testing\Office Work Projects\UI-Chat App\.venv\Lib\site-packages\starlette\routing.py", line 736, in app
    await route.handle(scope, receive, send)
  File "D:\Yogesh\Testing\Office Work Projects\UI-Chat App\.venv\Lib\site-packages\starlette\routing.py", line 290, in handle
    await self.app(scope, receive, send)
  File "D:\Yogesh\Testing\Office Work Projects\UI-Chat App\.venv\Lib\site-packages\fastapi\routing.py", line 125, in app
    await wrap_app_handling_exceptions(app, request)(scope, receive, send)
  File "D:\Yogesh\Testing\Office Work Projects\UI-Chat App\.venv\Lib\site-packages\starlette\_exception_handler.py", line 53, in wrapped_app
    raise exc
  File "D:\Yogesh\Testing\Office Work Projects\UI-Chat App\.venv\Lib\site-packages\starlette\_exception_handler.py", line 42, in wrapped_app
    await app(scope, receive, sender)
  File "D:\Yogesh\Testing\Office Work Projects\UI-Chat App\.venv\Lib\site-packages\fastapi\routing.py", line 111, in app
    response = await f(request)
               ^^^^^^^^^^^^^^^^
  File "D:\Yogesh\Testing\Office Work Projects\UI-Chat App\.venv\Lib\site-packages\fastapi\routing.py", line 391, in app
    raw_response = await run_endpoint_function(
                   ^^^^^^^^^^^^^^^^^^^^^^^^^^^^
    ...<3 lines>...
    )
    ^
  File "D:\Yogesh\Testing\Office Work Projects\UI-Chat App\.venv\Lib\site-packages\fastapi\routing.py", line 290, in run_endpoint_function
    return await dependant.call(**values)
           ^^^^^^^^^^^^^^^^^^^^^^^^^^^^^^
  File "D:\Yogesh\Testing\Office Work Projects\UI-Chat App\src\chatstack\api\server.py", line 58, in chat
    content = await backend.complete([m.model_dump() for m in req.messages], temperature=req.temperature)
              ^^^^^^^^^^^^^^^^^^^^^^^^^^^^^^^^^^^^^^^^^^^^^^^^^^^^^^^^^^^^^^^^^^^^^^^^^^^^^^^^^^^^^^^^^^^
  File "D:\Yogesh\Testing\Office Work Projects\UI-Chat App\src\chatstack\models\hf_infer.py", line 44, in complete
    result = await asyncio.to_thread(_call)
             ^^^^^^^^^^^^^^^^^^^^^^^^^^^^^^
  File "D:\Yogesh\Python\Lib\asyncio\threads.py", line 25, in to_thread
    return await loop.run_in_executor(None, func_call)
           ^^^^^^^^^^^^^^^^^^^^^^^^^^^^^^^^^^^^^^^^^^^
  File "D:\Yogesh\Python\Lib\concurrent\futures\thread.py", line 59, in run
    result = self.fn(*self.args, **self.kwargs)
  File "D:\Yogesh\Testing\Office Work Projects\UI-Chat App\src\chatstack\models\hf_infer.py", line 35, in _call
    return self.client.text_generation(
           ~~~~~~~~~~~~~~~~~~~~~~~~~~~^
        prompt,
        ^^^^^^^
    ...<3 lines>...
        return_full_text=False,
        ^^^^^^^^^^^^^^^^^^^^^^^
    )
    ^
  File "D:\Yogesh\Testing\Office Work Projects\UI-Chat App\.venv\Lib\site-packages\huggingface_hub\inference\_client.py", line 2373, in text_generation
    provider_helper = get_provider_helper(self.provider, task="text-generation", model=model_id)
  File "D:\Yogesh\Testing\Office Work Projects\UI-Chat App\.venv\Lib\site-packages\huggingface_hub\inference\_providers\__init__.py", line 239, in get_provider_helper
    provider_mapping = _fetch_inference_provider_mapping(model)
  File "D:\Yogesh\Testing\Office Work Projects\UI-Chat App\.venv\Lib\site-packages\huggingface_hub\inference\_providers\_common.py", line 346, in _fetch_inference_provider_mapping
    info = HfApi().model_info(model, expand=["inferenceProviderMapping"])
  File "D:\Yogesh\Testing\Office Work Projects\UI-Chat App\.venv\Lib\site-packages\huggingface_hub\utils\_validators.py", line 89, in _inner_fn
    return fn(*args, **kwargs)
  File "D:\Yogesh\Testing\Office Work Projects\UI-Chat App\.venv\Lib\site-packages\huggingface_hub\hf_api.py", line 2551, in model_info
    r = get_session().get(path, headers=headers, timeout=timeout, params=params)
  File "D:\Yogesh\Testing\Office Work Projects\UI-Chat App\.venv\Lib\site-packages\httpx\_client.py", line 1053, in get
    return self.request(
           ~~~~~~~~~~~~^
        "GET",
        ^^^^^^
    ...<7 lines>...
        extensions=extensions,
        ^^^^^^^^^^^^^^^^^^^^^^
    )
    ^
  File "D:\Yogesh\Testing\Office Work Projects\UI-Chat App\.venv\Lib\site-packages\httpx\_client.py", line 825, in request
    return self.send(request, auth=auth, follow_redirects=follow_redirects)
           ~~~~~~~~~^^^^^^^^^^^^^^^^^^^^^^^^^^^^^^^^^^^^^^^^^^^^^^^^^^^^^^^
  File "D:\Yogesh\Testing\Office Work Projects\UI-Chat App\.venv\Lib\site-packages\httpx\_client.py", line 914, in send
    response = self._send_handling_auth(
        request,
    ...<2 lines>...
        history=[],
    )
  File "D:\Yogesh\Testing\Office Work Projects\UI-Chat App\.venv\Lib\site-packages\httpx\_client.py", line 942, in _send_handling_auth
    response = self._send_handling_redirects(
        request,
        follow_redirects=follow_redirects,
        history=history,
    )
  File "D:\Yogesh\Testing\Office Work Projects\UI-Chat App\.venv\Lib\site-packages\httpx\_client.py", line 979, in _send_handling_redirects
    response = self._send_single_request(request)
  File "D:\Yogesh\Testing\Office Work Projects\UI-Chat App\.venv\Lib\site-packages\httpx\_client.py", line 1014, in _send_single_request
    response = transport.handle_request(request)
  File "D:\Yogesh\Testing\Office Work Projects\UI-Chat App\.venv\Lib\site-packages\httpx\_transports\default.py", line 249, in handle_request
    with map_httpcore_exceptions():
         ~~~~~~~~~~~~~~~~~~~~~~~^^
  File "D:\Yogesh\Python\Lib\contextlib.py", line 162, in __exit__
    self.gen.throw(value)
    ~~~~~~~~~~~~~~^^^^^^^
  File "D:\Yogesh\Testing\Office Work Projects\UI-Chat App\.venv\Lib\site-packages\httpx\_transports\default.py", line 118, in map_httpcore_exceptions
    raise mapped_exc(message) from exc
httpx.ConnectError: [SSL: CERTIFICATE_VERIFY_FAILED] certificate verify failed: self-signed certificate in certificate chain (_ssl.c:1028)
[ERROR] HF Inference error: [SSL: CERTIFICATE_VERIFY_FAILED] certificate verify failed: self-signed certificate in certificate chain (_ssl.c:1028)
Traceback (most recent call last):
  File "D:\Yogesh\Testing\Office Work Projects\UI-Chat App\.venv\Lib\site-packages\httpx\_transports\default.py", line 101, in map_httpcore_exceptions
    yield
  File "D:\Yogesh\Testing\Office Work Projects\UI-Chat App\.venv\Lib\site-packages\httpx\_transports\default.py", line 250, in handle_request
    resp = self._pool.handle_request(req)
  File "D:\Yogesh\Testing\Office Work Projects\UI-Chat App\.venv\Lib\site-packages\httpcore\_sync\connection_pool.py", line 256, in handle_request
    raise exc from None
  File "D:\Yogesh\Testing\Office Work Projects\UI-Chat App\.venv\Lib\site-packages\httpcore\_sync\connection_pool.py", line 236, in handle_request
    response = connection.handle_request(
        pool_request.request
    )
  File "D:\Yogesh\Testing\Office Work Projects\UI-Chat App\.venv\Lib\site-packages\httpcore\_sync\connection.py", line 101, in handle_request
    raise exc
  File "D:\Yogesh\Testing\Office Work Projects\UI-Chat App\.venv\Lib\site-packages\httpcore\_sync\connection.py", line 78, in handle_request
    stream = self._connect(request)
  File "D:\Yogesh\Testing\Office Work Projects\UI-Chat App\.venv\Lib\site-packages\httpcore\_sync\connection.py", line 156, in _connect
    stream = stream.start_tls(**kwargs)
  File "D:\Yogesh\Testing\Office Work Projects\UI-Chat App\.venv\Lib\site-packages\httpcore\_backends\sync.py", line 154, in start_tls
    with map_exceptions(exc_map):
         ~~~~~~~~~~~~~~^^^^^^^^^
  File "D:\Yogesh\Python\Lib\contextlib.py", line 162, in __exit__
    self.gen.throw(value)
    ~~~~~~~~~~~~~~^^^^^^^
  File "D:\Yogesh\Testing\Office Work Projects\UI-Chat App\.venv\Lib\site-packages\httpcore\_exceptions.py", line 14, in map_exceptions
    raise to_exc(exc) from exc
httpcore.ConnectError: [SSL: CERTIFICATE_VERIFY_FAILED] certificate verify failed: self-signed certificate in certificate chain (_ssl.c:1028)

The above exception was the direct cause of the following exception:

Traceback (most recent call last):
  File "D:\Yogesh\Testing\Office Work Projects\UI-Chat App\src\chatstack\models\hf_infer.py", line 44, in complete
    result = await asyncio.to_thread(_call)
             ^^^^^^^^^^^^^^^^^^^^^^^^^^^^^^
  File "D:\Yogesh\Python\Lib\asyncio\threads.py", line 25, in to_thread
    return await loop.run_in_executor(None, func_call)
           ^^^^^^^^^^^^^^^^^^^^^^^^^^^^^^^^^^^^^^^^^^^
  File "D:\Yogesh\Python\Lib\concurrent\futures\thread.py", line 59, in run
    result = self.fn(*self.args, **self.kwargs)
  File "D:\Yogesh\Testing\Office Work Projects\UI-Chat App\src\chatstack\models\hf_infer.py", line 35, in _call
    return self.client.text_generation(
           ~~~~~~~~~~~~~~~~~~~~~~~~~~~^
        prompt,
        ^^^^^^^
    ...<3 lines>...
        return_full_text=False,
        ^^^^^^^^^^^^^^^^^^^^^^^
    )
    ^
  File "D:\Yogesh\Testing\Office Work Projects\UI-Chat App\.venv\Lib\site-packages\huggingface_hub\inference\_client.py", line 2373, in text_generation
    provider_helper = get_provider_helper(self.provider, task="text-generation", model=model_id)
  File "D:\Yogesh\Testing\Office Work Projects\UI-Chat App\.venv\Lib\site-packages\huggingface_hub\inference\_providers\__init__.py", line 239, in get_provider_helper
    provider_mapping = _fetch_inference_provider_mapping(model)
  File "D:\Yogesh\Testing\Office Work Projects\UI-Chat App\.venv\Lib\site-packages\huggingface_hub\inference\_providers\_common.py", line 346, in _fetch_inference_provider_mapping
    info = HfApi().model_info(model, expand=["inferenceProviderMapping"])
  File "D:\Yogesh\Testing\Office Work Projects\UI-Chat App\.venv\Lib\site-packages\huggingface_hub\utils\_validators.py", line 89, in _inner_fn
    return fn(*args, **kwargs)
  File "D:\Yogesh\Testing\Office Work Projects\UI-Chat App\.venv\Lib\site-packages\huggingface_hub\hf_api.py", line 2551, in model_info
    r = get_session().get(path, headers=headers, timeout=timeout, params=params)
  File "D:\Yogesh\Testing\Office Work Projects\UI-Chat App\.venv\Lib\site-packages\httpx\_client.py", line 1053, in get
    return self.request(
           ~~~~~~~~~~~~^
        "GET",
        ^^^^^^
    ...<7 lines>...
        extensions=extensions,
        ^^^^^^^^^^^^^^^^^^^^^^
    )
    ^
  File "D:\Yogesh\Testing\Office Work Projects\UI-Chat App\.venv\Lib\site-packages\httpx\_client.py", line 825, in request
    return self.send(request, auth=auth, follow_redirects=follow_redirects)
           ~~~~~~~~~^^^^^^^^^^^^^^^^^^^^^^^^^^^^^^^^^^^^^^^^^^^^^^^^^^^^^^^
  File "D:\Yogesh\Testing\Office Work Projects\UI-Chat App\.venv\Lib\site-packages\httpx\_client.py", line 914, in send
    response = self._send_handling_auth(
        request,
    ...<2 lines>...
        history=[],
    )
  File "D:\Yogesh\Testing\Office Work Projects\UI-Chat App\.venv\Lib\site-packages\httpx\_client.py", line 942, in _send_handling_auth
    response = self._send_handling_redirects(
        request,
        follow_redirects=follow_redirects,
        history=history,
    )
  File "D:\Yogesh\Testing\Office Work Projects\UI-Chat App\.venv\Lib\site-packages\httpx\_client.py", line 979, in _send_handling_redirects
    response = self._send_single_request(request)
  File "D:\Yogesh\Testing\Office Work Projects\UI-Chat App\.venv\Lib\site-packages\httpx\_client.py", line 1014, in _send_single_request
    response = transport.handle_request(request)
  File "D:\Yogesh\Testing\Office Work Projects\UI-Chat App\.venv\Lib\site-packages\httpx\_transports\default.py", line 249, in handle_request
    with map_httpcore_exceptions():
         ~~~~~~~~~~~~~~~~~~~~~~~^^
  File "D:\Yogesh\Python\Lib\contextlib.py", line 162, in __exit__
    self.gen.throw(value)
    ~~~~~~~~~~~~~~^^^^^^^
  File "D:\Yogesh\Testing\Office Work Projects\UI-Chat App\.venv\Lib\site-packages\httpx\_transports\default.py", line 118, in map_httpcore_exceptions
    raise mapped_exc(message) from exc
httpx.ConnectError: [SSL: CERTIFICATE_VERIFY_FAILED] certificate verify failed: self-signed certificate in certificate chain (_ssl.c:1028)
[INFO] truststore: injected Windows certificate store for SSL
[ERROR] HF Inference error: StopIteration interacts badly with generators and cannot be raised into a Future
Traceback (most recent call last):
  File "D:\Yogesh\Python\Lib\concurrent\futures\thread.py", line 59, in run
    result = self.fn(*self.args, **self.kwargs)
  File "D:\Yogesh\Testing\Office Work Projects\UI-Chat App\src\chatstack\models\hf_infer.py", line 45, in _call
    return self.client.text_generation(
           ~~~~~~~~~~~~~~~~~~~~~~~~~~~^
        prompt,
        ^^^^^^^
    ...<3 lines>...
        return_full_text=False,
        ^^^^^^^^^^^^^^^^^^^^^^^
    )
    ^
  File "D:\Yogesh\Testing\Office Work Projects\UI-Chat App\.venv\Lib\site-packages\huggingface_hub\inference\_client.py", line 2373, in text_generation
    provider_helper = get_provider_helper(self.provider, task="text-generation", model=model_id)
  File "D:\Yogesh\Testing\Office Work Projects\UI-Chat App\.venv\Lib\site-packages\huggingface_hub\inference\_providers\__init__.py", line 240, in get_provider_helper
    provider = next(iter(provider_mapping)).provider
               ~~~~^^^^^^^^^^^^^^^^^^^^^^^^
StopIteration

The above exception was the direct cause of the following exception:

Traceback (most recent call last):
  File "D:\Yogesh\Testing\Office Work Projects\UI-Chat App\src\chatstack\models\hf_infer.py", line 54, in complete
    result = await asyncio.to_thread(_call)
             ^^^^^^^^^^^^^^^^^^^^^^^^^^^^^^
  File "D:\Yogesh\Python\Lib\asyncio\threads.py", line 25, in to_thread
    return await loop.run_in_executor(None, func_call)
           ^^^^^^^^^^^^^^^^^^^^^^^^^^^^^^^^^^^^^^^^^^^
RuntimeError: StopIteration interacts badly with generators and cannot be raised into a Future
[INFO] truststore: injected Windows certificate store for SSL
[ERROR] HF Inference error: Client error '404 Not Found' for url 'https://router.huggingface.co/hf-inference/models/microsoft/Phi-3-mini-4k-instruct' (Request ID: Root=1-690b8575-21710b9c3d70af3424c4f4af;5d9a116c-ba9f-4144-9311-811074be57aa)
For more information check: https://developer.mozilla.org/en-US/docs/Web/HTTP/Status/404
Traceback (most recent call last):
  File "D:\Yogesh\Testing\Office Work Projects\UI-Chat App\.venv\Lib\site-packages\huggingface_hub\utils\_http.py", line 553, in hf_raise_for_status
    response.raise_for_status()
    ~~~~~~~~~~~~~~~~~~~~~~~~~^^
  File "D:\Yogesh\Testing\Office Work Projects\UI-Chat App\.venv\Lib\site-packages\httpx\_models.py", line 829, in raise_for_status
    raise HTTPStatusError(message, request=request, response=self)
httpx.HTTPStatusError: Client error '404 Not Found' for url 'https://router.huggingface.co/hf-inference/models/microsoft/Phi-3-mini-4k-instruct'
For more information check: https://developer.mozilla.org/en-US/docs/Web/HTTP/Status/404

The above exception was the direct cause of the following exception:

Traceback (most recent call last):
  File "D:\Yogesh\Testing\Office Work Projects\UI-Chat App\src\chatstack\models\hf_infer.py", line 54, in complete
    result = await asyncio.to_thread(_call)
             ^^^^^^^^^^^^^^^^^^^^^^^^^^^^^^
  File "D:\Yogesh\Python\Lib\asyncio\threads.py", line 25, in to_thread
    return await loop.run_in_executor(None, func_call)
           ^^^^^^^^^^^^^^^^^^^^^^^^^^^^^^^^^^^^^^^^^^^
  File "D:\Yogesh\Python\Lib\concurrent\futures\thread.py", line 59, in run
    result = self.fn(*self.args, **self.kwargs)
  File "D:\Yogesh\Testing\Office Work Projects\UI-Chat App\src\chatstack\models\hf_infer.py", line 45, in _call
    return self.client.text_generation(
           ~~~~~~~~~~~~~~~~~~~~~~~~~~~^
        prompt,
        ^^^^^^^
    ...<3 lines>...
        return_full_text=False,
        ^^^^^^^^^^^^^^^^^^^^^^^
    )
    ^
  File "D:\Yogesh\Testing\Office Work Projects\UI-Chat App\.venv\Lib\site-packages\huggingface_hub\inference\_client.py", line 2415, in text_generation
    raise_text_generation_error(e)
    ~~~~~~~~~~~~~~~~~~~~~~~~~~~^^^
  File "D:\Yogesh\Testing\Office Work Projects\UI-Chat App\.venv\Lib\site-packages\huggingface_hub\inference\_common.py", line 414, in raise_text_generation_error
    raise http_error
  File "D:\Yogesh\Testing\Office Work Projects\UI-Chat App\.venv\Lib\site-packages\huggingface_hub\inference\_client.py", line 2385, in text_generation
    bytes_output = self._inner_post(request_parameters, stream=stream or False)
  File "D:\Yogesh\Testing\Office Work Projects\UI-Chat App\.venv\Lib\site-packages\huggingface_hub\inference\_client.py", line 284, in _inner_post
    hf_raise_for_status(response)
    ~~~~~~~~~~~~~~~~~~~^^^^^^^^^^
  File "D:\Yogesh\Testing\Office Work Projects\UI-Chat App\.venv\Lib\site-packages\huggingface_hub\utils\_http.py", line 629, in hf_raise_for_status
    raise _format(HfHubHTTPError, str(e), response) from e
huggingface_hub.errors.HfHubHTTPError: Client error '404 Not Found' for url 'https://router.huggingface.co/hf-inference/models/microsoft/Phi-3-mini-4k-instruct' (Request ID: Root=1-690b8575-21710b9c3d70af3424c4f4af;5d9a116c-ba9f-4144-9311-811074be57aa)
For more information check: https://developer.mozilla.org/en-US/docs/Web/HTTP/Status/404
[INFO] truststore: injected Windows certificate store for SSL
[ERROR] HF Inference error: Client error '404 Not Found' for url 'https://router.huggingface.co/hf-inference/models/microsoft/Phi-3-mini-4k-instruct' (Request ID: Root=1-690b85d9-056c1497241f9a421ae33505;d25206c7-e888-45fa-a169-b3ad0e625fad)
For more information check: https://developer.mozilla.org/en-US/docs/Web/HTTP/Status/404
Traceback (most recent call last):
  File "D:\Yogesh\Testing\Office Work Projects\UI-Chat App\.venv\Lib\site-packages\huggingface_hub\utils\_http.py", line 553, in hf_raise_for_status
    response.raise_for_status()
    ~~~~~~~~~~~~~~~~~~~~~~~~~^^
  File "D:\Yogesh\Testing\Office Work Projects\UI-Chat App\.venv\Lib\site-packages\httpx\_models.py", line 829, in raise_for_status
    raise HTTPStatusError(message, request=request, response=self)
httpx.HTTPStatusError: Client error '404 Not Found' for url 'https://router.huggingface.co/hf-inference/models/microsoft/Phi-3-mini-4k-instruct'
For more information check: https://developer.mozilla.org/en-US/docs/Web/HTTP/Status/404

The above exception was the direct cause of the following exception:

Traceback (most recent call last):
  File "D:\Yogesh\Testing\Office Work Projects\UI-Chat App\src\chatstack\models\hf_infer.py", line 54, in complete
    result = await asyncio.to_thread(_call)
             ^^^^^^^^^^^^^^^^^^^^^^^^^^^^^^
  File "D:\Yogesh\Python\Lib\asyncio\threads.py", line 25, in to_thread
    return await loop.run_in_executor(None, func_call)
           ^^^^^^^^^^^^^^^^^^^^^^^^^^^^^^^^^^^^^^^^^^^
  File "D:\Yogesh\Python\Lib\concurrent\futures\thread.py", line 59, in run
    result = self.fn(*self.args, **self.kwargs)
  File "D:\Yogesh\Testing\Office Work Projects\UI-Chat App\src\chatstack\models\hf_infer.py", line 45, in _call
    return self.client.text_generation(
           ~~~~~~~~~~~~~~~~~~~~~~~~~~~^
        prompt,
        ^^^^^^^
    ...<3 lines>...
        return_full_text=False,
        ^^^^^^^^^^^^^^^^^^^^^^^
    )
    ^
  File "D:\Yogesh\Testing\Office Work Projects\UI-Chat App\.venv\Lib\site-packages\huggingface_hub\inference\_client.py", line 2415, in text_generation
    raise_text_generation_error(e)
    ~~~~~~~~~~~~~~~~~~~~~~~~~~~^^^
  File "D:\Yogesh\Testing\Office Work Projects\UI-Chat App\.venv\Lib\site-packages\huggingface_hub\inference\_common.py", line 414, in raise_text_generation_error
    raise http_error
  File "D:\Yogesh\Testing\Office Work Projects\UI-Chat App\.venv\Lib\site-packages\huggingface_hub\inference\_client.py", line 2385, in text_generation
    bytes_output = self._inner_post(request_parameters, stream=stream or False)
  File "D:\Yogesh\Testing\Office Work Projects\UI-Chat App\.venv\Lib\site-packages\huggingface_hub\inference\_client.py", line 284, in _inner_post
    hf_raise_for_status(response)
    ~~~~~~~~~~~~~~~~~~~^^^^^^^^^^
  File "D:\Yogesh\Testing\Office Work Projects\UI-Chat App\.venv\Lib\site-packages\huggingface_hub\utils\_http.py", line 629, in hf_raise_for_status
    raise _format(HfHubHTTPError, str(e), response) from e
huggingface_hub.errors.HfHubHTTPError: Client error '404 Not Found' for url 'https://router.huggingface.co/hf-inference/models/microsoft/Phi-3-mini-4k-instruct' (Request ID: Root=1-690b85d9-056c1497241f9a421ae33505;d25206c7-e888-45fa-a169-b3ad0e625fad)
For more information check: https://developer.mozilla.org/en-US/docs/Web/HTTP/Status/404
[ERROR] HF Inference error: Client error '404 Not Found' for url 'https://router.huggingface.co/hf-inference/models/HuggingFaceH4/zephyr-7b-beta' (Request ID: Root=1-690b85da-51e3ec6c6c73af0f0a0f5dd4;30d750e6-93d2-4517-9f07-e937c52e7f86)
For more information check: https://developer.mozilla.org/en-US/docs/Web/HTTP/Status/404
Traceback (most recent call last):
  File "D:\Yogesh\Testing\Office Work Projects\UI-Chat App\.venv\Lib\site-packages\huggingface_hub\utils\_http.py", line 553, in hf_raise_for_status
    response.raise_for_status()
    ~~~~~~~~~~~~~~~~~~~~~~~~~^^
  File "D:\Yogesh\Testing\Office Work Projects\UI-Chat App\.venv\Lib\site-packages\httpx\_models.py", line 829, in raise_for_status
    raise HTTPStatusError(message, request=request, response=self)
httpx.HTTPStatusError: Client error '404 Not Found' for url 'https://router.huggingface.co/hf-inference/models/HuggingFaceH4/zephyr-7b-beta'
For more information check: https://developer.mozilla.org/en-US/docs/Web/HTTP/Status/404

The above exception was the direct cause of the following exception:

Traceback (most recent call last):
  File "D:\Yogesh\Testing\Office Work Projects\UI-Chat App\src\chatstack\models\hf_infer.py", line 54, in complete
    result = await asyncio.to_thread(_call)
             ^^^^^^^^^^^^^^^^^^^^^^^^^^^^^^
  File "D:\Yogesh\Python\Lib\asyncio\threads.py", line 25, in to_thread
    return await loop.run_in_executor(None, func_call)
           ^^^^^^^^^^^^^^^^^^^^^^^^^^^^^^^^^^^^^^^^^^^
  File "D:\Yogesh\Python\Lib\concurrent\futures\thread.py", line 59, in run
    result = self.fn(*self.args, **self.kwargs)
  File "D:\Yogesh\Testing\Office Work Projects\UI-Chat App\src\chatstack\models\hf_infer.py", line 45, in _call
    return self.client.text_generation(
           ~~~~~~~~~~~~~~~~~~~~~~~~~~~^
        prompt,
        ^^^^^^^
    ...<3 lines>...
        return_full_text=False,
        ^^^^^^^^^^^^^^^^^^^^^^^
    )
    ^
  File "D:\Yogesh\Testing\Office Work Projects\UI-Chat App\.venv\Lib\site-packages\huggingface_hub\inference\_client.py", line 2415, in text_generation
    raise_text_generation_error(e)
    ~~~~~~~~~~~~~~~~~~~~~~~~~~~^^^
  File "D:\Yogesh\Testing\Office Work Projects\UI-Chat App\.venv\Lib\site-packages\huggingface_hub\inference\_common.py", line 414, in raise_text_generation_error
    raise http_error
  File "D:\Yogesh\Testing\Office Work Projects\UI-Chat App\.venv\Lib\site-packages\huggingface_hub\inference\_client.py", line 2385, in text_generation
    bytes_output = self._inner_post(request_parameters, stream=stream or False)
  File "D:\Yogesh\Testing\Office Work Projects\UI-Chat App\.venv\Lib\site-packages\huggingface_hub\inference\_client.py", line 284, in _inner_post
    hf_raise_for_status(response)
    ~~~~~~~~~~~~~~~~~~~^^^^^^^^^^
  File "D:\Yogesh\Testing\Office Work Projects\UI-Chat App\.venv\Lib\site-packages\huggingface_hub\utils\_http.py", line 629, in hf_raise_for_status
    raise _format(HfHubHTTPError, str(e), response) from e
huggingface_hub.errors.HfHubHTTPError: Client error '404 Not Found' for url 'https://router.huggingface.co/hf-inference/models/HuggingFaceH4/zephyr-7b-beta' (Request ID: Root=1-690b85da-51e3ec6c6c73af0f0a0f5dd4;30d750e6-93d2-4517-9f07-e937c52e7f86)
For more information check: https://developer.mozilla.org/en-US/docs/Web/HTTP/Status/404
[ERROR] HF Inference error: Client error '404 Not Found' for url 'https://router.huggingface.co/hf-inference/models/tiiuae/falcon-7b-instruct' (Request ID: Root=1-690b85da-35f1be98554013d80f407373;7568fc54-b977-4d12-9386-b5138c4d575a)
For more information check: https://developer.mozilla.org/en-US/docs/Web/HTTP/Status/404
Traceback (most recent call last):
  File "D:\Yogesh\Testing\Office Work Projects\UI-Chat App\.venv\Lib\site-packages\huggingface_hub\utils\_http.py", line 553, in hf_raise_for_status
    response.raise_for_status()
    ~~~~~~~~~~~~~~~~~~~~~~~~~^^
  File "D:\Yogesh\Testing\Office Work Projects\UI-Chat App\.venv\Lib\site-packages\httpx\_models.py", line 829, in raise_for_status
    raise HTTPStatusError(message, request=request, response=self)
httpx.HTTPStatusError: Client error '404 Not Found' for url 'https://router.huggingface.co/hf-inference/models/tiiuae/falcon-7b-instruct'
For more information check: https://developer.mozilla.org/en-US/docs/Web/HTTP/Status/404

The above exception was the direct cause of the following exception:

Traceback (most recent call last):
  File "D:\Yogesh\Testing\Office Work Projects\UI-Chat App\src\chatstack\models\hf_infer.py", line 54, in complete
    result = await asyncio.to_thread(_call)
             ^^^^^^^^^^^^^^^^^^^^^^^^^^^^^^
  File "D:\Yogesh\Python\Lib\asyncio\threads.py", line 25, in to_thread
    return await loop.run_in_executor(None, func_call)
           ^^^^^^^^^^^^^^^^^^^^^^^^^^^^^^^^^^^^^^^^^^^
  File "D:\Yogesh\Python\Lib\concurrent\futures\thread.py", line 59, in run
    result = self.fn(*self.args, **self.kwargs)
  File "D:\Yogesh\Testing\Office Work Projects\UI-Chat App\src\chatstack\models\hf_infer.py", line 45, in _call
    return self.client.text_generation(
           ~~~~~~~~~~~~~~~~~~~~~~~~~~~^
        prompt,
        ^^^^^^^
    ...<3 lines>...
        return_full_text=False,
        ^^^^^^^^^^^^^^^^^^^^^^^
    )
    ^
  File "D:\Yogesh\Testing\Office Work Projects\UI-Chat App\.venv\Lib\site-packages\huggingface_hub\inference\_client.py", line 2415, in text_generation
    raise_text_generation_error(e)
    ~~~~~~~~~~~~~~~~~~~~~~~~~~~^^^
  File "D:\Yogesh\Testing\Office Work Projects\UI-Chat App\.venv\Lib\site-packages\huggingface_hub\inference\_common.py", line 414, in raise_text_generation_error
    raise http_error
  File "D:\Yogesh\Testing\Office Work Projects\UI-Chat App\.venv\Lib\site-packages\huggingface_hub\inference\_client.py", line 2385, in text_generation
    bytes_output = self._inner_post(request_parameters, stream=stream or False)
  File "D:\Yogesh\Testing\Office Work Projects\UI-Chat App\.venv\Lib\site-packages\huggingface_hub\inference\_client.py", line 284, in _inner_post
    hf_raise_for_status(response)
    ~~~~~~~~~~~~~~~~~~~^^^^^^^^^^
  File "D:\Yogesh\Testing\Office Work Projects\UI-Chat App\.venv\Lib\site-packages\huggingface_hub\utils\_http.py", line 629, in hf_raise_for_status
    raise _format(HfHubHTTPError, str(e), response) from e
huggingface_hub.errors.HfHubHTTPError: Client error '404 Not Found' for url 'https://router.huggingface.co/hf-inference/models/tiiuae/falcon-7b-instruct' (Request ID: Root=1-690b85da-35f1be98554013d80f407373;7568fc54-b977-4d12-9386-b5138c4d575a)
For more information check: https://developer.mozilla.org/en-US/docs/Web/HTTP/Status/404
[ERROR] HF Inference error: Model 'mistralai/Mistral-7B-Instruct-v0.3' doesn't support task 'text-generation'. Supported tasks: 'None', got: 'text-generation'
Traceback (most recent call last):
  File "D:\Yogesh\Testing\Office Work Projects\UI-Chat App\src\chatstack\models\hf_infer.py", line 54, in complete
    result = await asyncio.to_thread(_call)
             ^^^^^^^^^^^^^^^^^^^^^^^^^^^^^^
  File "D:\Yogesh\Python\Lib\asyncio\threads.py", line 25, in to_thread
    return await loop.run_in_executor(None, func_call)
           ^^^^^^^^^^^^^^^^^^^^^^^^^^^^^^^^^^^^^^^^^^^
  File "D:\Yogesh\Python\Lib\concurrent\futures\thread.py", line 59, in run
    result = self.fn(*self.args, **self.kwargs)
  File "D:\Yogesh\Testing\Office Work Projects\UI-Chat App\src\chatstack\models\hf_infer.py", line 45, in _call
    return self.client.text_generation(
           ~~~~~~~~~~~~~~~~~~~~~~~~~~~^
        prompt,
        ^^^^^^^
    ...<3 lines>...
        return_full_text=False,
        ^^^^^^^^^^^^^^^^^^^^^^^
    )
    ^
  File "D:\Yogesh\Testing\Office Work Projects\UI-Chat App\.venv\Lib\site-packages\huggingface_hub\inference\_client.py", line 2374, in text_generation
    request_parameters = provider_helper.prepare_request(
        inputs=prompt,
    ...<4 lines>...
        api_key=self.token,
    )
  File "D:\Yogesh\Testing\Office Work Projects\UI-Chat App\.venv\Lib\site-packages\huggingface_hub\inference\_providers\_common.py", line 94, in prepare_request
    provider_mapping_info = self._prepare_mapping_info(model)
  File "D:\Yogesh\Testing\Office Work Projects\UI-Chat App\.venv\Lib\site-packages\huggingface_hub\inference\_providers\hf_inference.py", line 45, in _prepare_mapping_info
    _check_supported_task(model_id, self.task)
    ~~~~~~~~~~~~~~~~~~~~~^^^^^^^^^^^^^^^^^^^^^
  File "D:\Yogesh\Testing\Office Work Projects\UI-Chat App\.venv\Lib\site-packages\huggingface_hub\inference\_providers\hf_inference.py", line 203, in _check_supported_task
    raise ValueError(
        f"Model '{model}' doesn't support task '{task}'. Supported tasks: '{pipeline_tag}', got: '{task}'"
    )
ValueError: Model 'mistralai/Mistral-7B-Instruct-v0.3' doesn't support task 'text-generation'. Supported tasks: 'None', got: 'text-generation'
[ERROR] HF Inference error: Client error '404 Not Found' for url 'https://router.huggingface.co/hf-inference/models/google/gemma-2-2b-it' (Request ID: Root=1-690b85db-47aeaf7c597b2bfe47d00ae5;71c431ae-f80d-4956-92ce-5abdabe8966d)
For more information check: https://developer.mozilla.org/en-US/docs/Web/HTTP/Status/404
Traceback (most recent call last):
  File "D:\Yogesh\Testing\Office Work Projects\UI-Chat App\.venv\Lib\site-packages\huggingface_hub\utils\_http.py", line 553, in hf_raise_for_status
    response.raise_for_status()
    ~~~~~~~~~~~~~~~~~~~~~~~~~^^
  File "D:\Yogesh\Testing\Office Work Projects\UI-Chat App\.venv\Lib\site-packages\httpx\_models.py", line 829, in raise_for_status
    raise HTTPStatusError(message, request=request, response=self)
httpx.HTTPStatusError: Client error '404 Not Found' for url 'https://router.huggingface.co/hf-inference/models/google/gemma-2-2b-it'
For more information check: https://developer.mozilla.org/en-US/docs/Web/HTTP/Status/404

The above exception was the direct cause of the following exception:

Traceback (most recent call last):
  File "D:\Yogesh\Testing\Office Work Projects\UI-Chat App\src\chatstack\models\hf_infer.py", line 54, in complete
    result = await asyncio.to_thread(_call)
             ^^^^^^^^^^^^^^^^^^^^^^^^^^^^^^
  File "D:\Yogesh\Python\Lib\asyncio\threads.py", line 25, in to_thread
    return await loop.run_in_executor(None, func_call)
           ^^^^^^^^^^^^^^^^^^^^^^^^^^^^^^^^^^^^^^^^^^^
  File "D:\Yogesh\Python\Lib\concurrent\futures\thread.py", line 59, in run
    result = self.fn(*self.args, **self.kwargs)
  File "D:\Yogesh\Testing\Office Work Projects\UI-Chat App\src\chatstack\models\hf_infer.py", line 45, in _call
    return self.client.text_generation(
           ~~~~~~~~~~~~~~~~~~~~~~~~~~~^
        prompt,
        ^^^^^^^
    ...<3 lines>...
        return_full_text=False,
        ^^^^^^^^^^^^^^^^^^^^^^^
    )
    ^
  File "D:\Yogesh\Testing\Office Work Projects\UI-Chat App\.venv\Lib\site-packages\huggingface_hub\inference\_client.py", line 2415, in text_generation
    raise_text_generation_error(e)
    ~~~~~~~~~~~~~~~~~~~~~~~~~~~^^^
  File "D:\Yogesh\Testing\Office Work Projects\UI-Chat App\.venv\Lib\site-packages\huggingface_hub\inference\_common.py", line 414, in raise_text_generation_error
    raise http_error
  File "D:\Yogesh\Testing\Office Work Projects\UI-Chat App\.venv\Lib\site-packages\huggingface_hub\inference\_client.py", line 2385, in text_generation
    bytes_output = self._inner_post(request_parameters, stream=stream or False)
  File "D:\Yogesh\Testing\Office Work Projects\UI-Chat App\.venv\Lib\site-packages\huggingface_hub\inference\_client.py", line 284, in _inner_post
    hf_raise_for_status(response)
    ~~~~~~~~~~~~~~~~~~~^^^^^^^^^^
  File "D:\Yogesh\Testing\Office Work Projects\UI-Chat App\.venv\Lib\site-packages\huggingface_hub\utils\_http.py", line 629, in hf_raise_for_status
    raise _format(HfHubHTTPError, str(e), response) from e
huggingface_hub.errors.HfHubHTTPError: Client error '404 Not Found' for url 'https://router.huggingface.co/hf-inference/models/google/gemma-2-2b-it' (Request ID: Root=1-690b85db-47aeaf7c597b2bfe47d00ae5;71c431ae-f80d-4956-92ce-5abdabe8966d)
For more information check: https://developer.mozilla.org/en-US/docs/Web/HTTP/Status/404
[INFO] truststore: injected Windows certificate store for SSL
[ERROR] HF Inference error: [SSL: CERTIFICATE_VERIFY_FAILED] certificate verify failed: self-signed certificate in certificate chain (_ssl.c:1028)
Traceback (most recent call last):
  File "D:\Yogesh\Testing\Office Work Projects\UI-Chat App\.venv\Lib\site-packages\httpx\_transports\default.py", line 101, in map_httpcore_exceptions
    yield
  File "D:\Yogesh\Testing\Office Work Projects\UI-Chat App\.venv\Lib\site-packages\httpx\_transports\default.py", line 250, in handle_request
    resp = self._pool.handle_request(req)
  File "D:\Yogesh\Testing\Office Work Projects\UI-Chat App\.venv\Lib\site-packages\httpcore\_sync\connection_pool.py", line 256, in handle_request
    raise exc from None
  File "D:\Yogesh\Testing\Office Work Projects\UI-Chat App\.venv\Lib\site-packages\httpcore\_sync\connection_pool.py", line 236, in handle_request
    response = connection.handle_request(
        pool_request.request
    )
  File "D:\Yogesh\Testing\Office Work Projects\UI-Chat App\.venv\Lib\site-packages\httpcore\_sync\connection.py", line 101, in handle_request
    raise exc
  File "D:\Yogesh\Testing\Office Work Projects\UI-Chat App\.venv\Lib\site-packages\httpcore\_sync\connection.py", line 78, in handle_request
    stream = self._connect(request)
  File "D:\Yogesh\Testing\Office Work Projects\UI-Chat App\.venv\Lib\site-packages\httpcore\_sync\connection.py", line 156, in _connect
    stream = stream.start_tls(**kwargs)
  File "D:\Yogesh\Testing\Office Work Projects\UI-Chat App\.venv\Lib\site-packages\httpcore\_backends\sync.py", line 154, in start_tls
    with map_exceptions(exc_map):
         ~~~~~~~~~~~~~~^^^^^^^^^
  File "D:\Yogesh\Python\Lib\contextlib.py", line 162, in __exit__
    self.gen.throw(value)
    ~~~~~~~~~~~~~~^^^^^^^
  File "D:\Yogesh\Testing\Office Work Projects\UI-Chat App\.venv\Lib\site-packages\httpcore\_exceptions.py", line 14, in map_exceptions
    raise to_exc(exc) from exc
httpcore.ConnectError: [SSL: CERTIFICATE_VERIFY_FAILED] certificate verify failed: self-signed certificate in certificate chain (_ssl.c:1028)

The above exception was the direct cause of the following exception:

Traceback (most recent call last):
  File "D:\Yogesh\Testing\Office Work Projects\UI-Chat App\src\chatstack\models\hf_infer.py", line 44, in complete
    # text_generation returns a string with the generated continuation
  File "D:\Yogesh\Python\Lib\asyncio\threads.py", line 25, in to_thread
    return await loop.run_in_executor(None, func_call)
           ^^^^^^^^^^^^^^^^^^^^^^^^^^^^^^^^^^^^^^^^^^^
  File "D:\Yogesh\Python\Lib\concurrent\futures\thread.py", line 59, in run
    result = self.fn(*self.args, **self.kwargs)
  File "D:\Yogesh\Testing\Office Work Projects\UI-Chat App\src\chatstack\models\hf_infer.py", line 35, in _call
            prompt = m["content"] + "\n" + prompt
               ^^^^^^^^^^^^^^^^^^^^^^^^^^^^^^^^^^
    ...<5 lines>...
    max_new_tokens = min(int(kwargs.get("max_new_tokens", 256)), 1024)
    ^^^^^
  File "D:\Yogesh\Testing\Office Work Projects\UI-Chat App\.venv\Lib\site-packages\huggingface_hub\inference\_client.py", line 2373, in text_generation
    provider_helper = get_provider_helper(self.provider, task="text-generation", model=model_id)
  File "D:\Yogesh\Testing\Office Work Projects\UI-Chat App\.venv\Lib\site-packages\huggingface_hub\inference\_providers\__init__.py", line 239, in get_provider_helper
    provider_mapping = _fetch_inference_provider_mapping(model)
  File "D:\Yogesh\Testing\Office Work Projects\UI-Chat App\.venv\Lib\site-packages\huggingface_hub\inference\_providers\_common.py", line 346, in _fetch_inference_provider_mapping
    info = HfApi().model_info(model, expand=["inferenceProviderMapping"])
  File "D:\Yogesh\Testing\Office Work Projects\UI-Chat App\.venv\Lib\site-packages\huggingface_hub\utils\_validators.py", line 89, in _inner_fn
    return fn(*args, **kwargs)
  File "D:\Yogesh\Testing\Office Work Projects\UI-Chat App\.venv\Lib\site-packages\huggingface_hub\hf_api.py", line 2551, in model_info
    r = get_session().get(path, headers=headers, timeout=timeout, params=params)
  File "D:\Yogesh\Testing\Office Work Projects\UI-Chat App\.venv\Lib\site-packages\httpx\_client.py", line 1053, in get
    return self.request(
           ~~~~~~~~~~~~^
        "GET",
        ^^^^^^
    ...<7 lines>...
        extensions=extensions,
        ^^^^^^^^^^^^^^^^^^^^^^
    )
    ^
  File "D:\Yogesh\Testing\Office Work Projects\UI-Chat App\.venv\Lib\site-packages\httpx\_client.py", line 825, in request
    return self.send(request, auth=auth, follow_redirects=follow_redirects)
           ~~~~~~~~~^^^^^^^^^^^^^^^^^^^^^^^^^^^^^^^^^^^^^^^^^^^^^^^^^^^^^^^
  File "D:\Yogesh\Testing\Office Work Projects\UI-Chat App\.venv\Lib\site-packages\httpx\_client.py", line 914, in send
    response = self._send_handling_auth(
        request,
    ...<2 lines>...
        history=[],
    )
  File "D:\Yogesh\Testing\Office Work Projects\UI-Chat App\.venv\Lib\site-packages\httpx\_client.py", line 942, in _send_handling_auth
    response = self._send_handling_redirects(
        request,
        follow_redirects=follow_redirects,
        history=history,
    )
  File "D:\Yogesh\Testing\Office Work Projects\UI-Chat App\.venv\Lib\site-packages\httpx\_client.py", line 979, in _send_handling_redirects
    response = self._send_single_request(request)
  File "D:\Yogesh\Testing\Office Work Projects\UI-Chat App\.venv\Lib\site-packages\httpx\_client.py", line 1014, in _send_single_request
    response = transport.handle_request(request)
  File "D:\Yogesh\Testing\Office Work Projects\UI-Chat App\.venv\Lib\site-packages\httpx\_transports\default.py", line 249, in handle_request
    with map_httpcore_exceptions():
         ~~~~~~~~~~~~~~~~~~~~~~~^^
  File "D:\Yogesh\Python\Lib\contextlib.py", line 162, in __exit__
    self.gen.throw(value)
    ~~~~~~~~~~~~~~^^^^^^^
  File "D:\Yogesh\Testing\Office Work Projects\UI-Chat App\.venv\Lib\site-packages\httpx\_transports\default.py", line 118, in map_httpcore_exceptions
    raise mapped_exc(message) from exc
httpx.ConnectError: [SSL: CERTIFICATE_VERIFY_FAILED] certificate verify failed: self-signed certificate in certificate chain (_ssl.c:1028)
[ERROR] Unhandled error: [SSL: CERTIFICATE_VERIFY_FAILED] certificate verify failed: self-signed certificate in certificate chain (_ssl.c:1028)
Traceback (most recent call last):
  File "D:\Yogesh\Testing\Office Work Projects\UI-Chat App\.venv\Lib\site-packages\httpx\_transports\default.py", line 101, in map_httpcore_exceptions
    yield
  File "D:\Yogesh\Testing\Office Work Projects\UI-Chat App\.venv\Lib\site-packages\httpx\_transports\default.py", line 250, in handle_request
    resp = self._pool.handle_request(req)
  File "D:\Yogesh\Testing\Office Work Projects\UI-Chat App\.venv\Lib\site-packages\httpcore\_sync\connection_pool.py", line 256, in handle_request
    raise exc from None
  File "D:\Yogesh\Testing\Office Work Projects\UI-Chat App\.venv\Lib\site-packages\httpcore\_sync\connection_pool.py", line 236, in handle_request
    response = connection.handle_request(
        pool_request.request
    )
  File "D:\Yogesh\Testing\Office Work Projects\UI-Chat App\.venv\Lib\site-packages\httpcore\_sync\connection.py", line 101, in handle_request
    raise exc
  File "D:\Yogesh\Testing\Office Work Projects\UI-Chat App\.venv\Lib\site-packages\httpcore\_sync\connection.py", line 78, in handle_request
    stream = self._connect(request)
  File "D:\Yogesh\Testing\Office Work Projects\UI-Chat App\.venv\Lib\site-packages\httpcore\_sync\connection.py", line 156, in _connect
    stream = stream.start_tls(**kwargs)
  File "D:\Yogesh\Testing\Office Work Projects\UI-Chat App\.venv\Lib\site-packages\httpcore\_backends\sync.py", line 154, in start_tls
    with map_exceptions(exc_map):
         ~~~~~~~~~~~~~~^^^^^^^^^
  File "D:\Yogesh\Python\Lib\contextlib.py", line 162, in __exit__
    self.gen.throw(value)
    ~~~~~~~~~~~~~~^^^^^^^
  File "D:\Yogesh\Testing\Office Work Projects\UI-Chat App\.venv\Lib\site-packages\httpcore\_exceptions.py", line 14, in map_exceptions
    raise to_exc(exc) from exc
httpcore.ConnectError: [SSL: CERTIFICATE_VERIFY_FAILED] certificate verify failed: self-signed certificate in certificate chain (_ssl.c:1028)

The above exception was the direct cause of the following exception:

Traceback (most recent call last):
  File "D:\Yogesh\Testing\Office Work Projects\UI-Chat App\.venv\Lib\site-packages\starlette\middleware\errors.py", line 164, in __call__
    await self.app(scope, receive, _send)
  File "D:\Yogesh\Testing\Office Work Projects\UI-Chat App\.venv\Lib\site-packages\starlette\middleware\exceptions.py", line 63, in __call__
    await wrap_app_handling_exceptions(self.app, conn)(scope, receive, send)
  File "D:\Yogesh\Testing\Office Work Projects\UI-Chat App\.venv\Lib\site-packages\starlette\_exception_handler.py", line 53, in wrapped_app
    raise exc
  File "D:\Yogesh\Testing\Office Work Projects\UI-Chat App\.venv\Lib\site-packages\starlette\_exception_handler.py", line 42, in wrapped_app
    await app(scope, receive, sender)
  File "D:\Yogesh\Testing\Office Work Projects\UI-Chat App\.venv\Lib\site-packages\fastapi\middleware\asyncexitstack.py", line 18, in __call__
    await self.app(scope, receive, send)
  File "D:\Yogesh\Testing\Office Work Projects\UI-Chat App\.venv\Lib\site-packages\starlette\routing.py", line 716, in __call__
    await self.middleware_stack(scope, receive, send)
  File "D:\Yogesh\Testing\Office Work Projects\UI-Chat App\.venv\Lib\site-packages\starlette\routing.py", line 736, in app
    await route.handle(scope, receive, send)
  File "D:\Yogesh\Testing\Office Work Projects\UI-Chat App\.venv\Lib\site-packages\starlette\routing.py", line 290, in handle
    await self.app(scope, receive, send)
  File "D:\Yogesh\Testing\Office Work Projects\UI-Chat App\.venv\Lib\site-packages\fastapi\routing.py", line 125, in app
    await wrap_app_handling_exceptions(app, request)(scope, receive, send)
  File "D:\Yogesh\Testing\Office Work Projects\UI-Chat App\.venv\Lib\site-packages\starlette\_exception_handler.py", line 53, in wrapped_app
    raise exc
  File "D:\Yogesh\Testing\Office Work Projects\UI-Chat App\.venv\Lib\site-packages\starlette\_exception_handler.py", line 42, in wrapped_app
    await app(scope, receive, sender)
  File "D:\Yogesh\Testing\Office Work Projects\UI-Chat App\.venv\Lib\site-packages\fastapi\routing.py", line 111, in app
    response = await f(request)
               ^^^^^^^^^^^^^^^^
  File "D:\Yogesh\Testing\Office Work Projects\UI-Chat App\.venv\Lib\site-packages\fastapi\routing.py", line 391, in app
    raw_response = await run_endpoint_function(
                   ^^^^^^^^^^^^^^^^^^^^^^^^^^^^
    ...<3 lines>...
    )
    ^
  File "D:\Yogesh\Testing\Office Work Projects\UI-Chat App\.venv\Lib\site-packages\fastapi\routing.py", line 290, in run_endpoint_function
    return await dependant.call(**values)
           ^^^^^^^^^^^^^^^^^^^^^^^^^^^^^^
  File "D:\Yogesh\Testing\Office Work Projects\UI-Chat App\src\chatstack\api\server.py", line 58, in chat
    content = await backend.complete([m.model_dump() for m in req.messages], temperature=req.temperature)
              ^^^^^^^^^^^^^^^^^^^^^^^^^^^^^^^^^^^^^^^^^^^^^^^^^^^^^^^^^^^^^^^^^^^^^^^^^^^^^^^^^^^^^^^^^^^
  File "D:\Yogesh\Testing\Office Work Projects\UI-Chat App\src\chatstack\models\hf_infer.py", line 44, in complete
    # text_generation returns a string with the generated continuation
  File "D:\Yogesh\Python\Lib\asyncio\threads.py", line 25, in to_thread
    return await loop.run_in_executor(None, func_call)
           ^^^^^^^^^^^^^^^^^^^^^^^^^^^^^^^^^^^^^^^^^^^
  File "D:\Yogesh\Python\Lib\concurrent\futures\thread.py", line 59, in run
    result = self.fn(*self.args, **self.kwargs)
  File "D:\Yogesh\Testing\Office Work Projects\UI-Chat App\src\chatstack\models\hf_infer.py", line 35, in _call
            prompt = m["content"] + "\n" + prompt
               ^^^^^^^^^^^^^^^^^^^^^^^^^^^^^^^^^^
    ...<5 lines>...
    max_new_tokens = min(int(kwargs.get("max_new_tokens", 256)), 1024)
    ^^^^^
  File "D:\Yogesh\Testing\Office Work Projects\UI-Chat App\.venv\Lib\site-packages\huggingface_hub\inference\_client.py", line 2373, in text_generation
    provider_helper = get_provider_helper(self.provider, task="text-generation", model=model_id)
  File "D:\Yogesh\Testing\Office Work Projects\UI-Chat App\.venv\Lib\site-packages\huggingface_hub\inference\_providers\__init__.py", line 239, in get_provider_helper
    provider_mapping = _fetch_inference_provider_mapping(model)
  File "D:\Yogesh\Testing\Office Work Projects\UI-Chat App\.venv\Lib\site-packages\huggingface_hub\inference\_providers\_common.py", line 346, in _fetch_inference_provider_mapping
    info = HfApi().model_info(model, expand=["inferenceProviderMapping"])
  File "D:\Yogesh\Testing\Office Work Projects\UI-Chat App\.venv\Lib\site-packages\huggingface_hub\utils\_validators.py", line 89, in _inner_fn
    return fn(*args, **kwargs)
  File "D:\Yogesh\Testing\Office Work Projects\UI-Chat App\.venv\Lib\site-packages\huggingface_hub\hf_api.py", line 2551, in model_info
    r = get_session().get(path, headers=headers, timeout=timeout, params=params)
  File "D:\Yogesh\Testing\Office Work Projects\UI-Chat App\.venv\Lib\site-packages\httpx\_client.py", line 1053, in get
    return self.request(
           ~~~~~~~~~~~~^
        "GET",
        ^^^^^^
    ...<7 lines>...
        extensions=extensions,
        ^^^^^^^^^^^^^^^^^^^^^^
    )
    ^
  File "D:\Yogesh\Testing\Office Work Projects\UI-Chat App\.venv\Lib\site-packages\httpx\_client.py", line 825, in request
    return self.send(request, auth=auth, follow_redirects=follow_redirects)
           ~~~~~~~~~^^^^^^^^^^^^^^^^^^^^^^^^^^^^^^^^^^^^^^^^^^^^^^^^^^^^^^^
  File "D:\Yogesh\Testing\Office Work Projects\UI-Chat App\.venv\Lib\site-packages\httpx\_client.py", line 914, in send
    response = self._send_handling_auth(
        request,
    ...<2 lines>...
        history=[],
    )
  File "D:\Yogesh\Testing\Office Work Projects\UI-Chat App\.venv\Lib\site-packages\httpx\_client.py", line 942, in _send_handling_auth
    response = self._send_handling_redirects(
        request,
        follow_redirects=follow_redirects,
        history=history,
    )
  File "D:\Yogesh\Testing\Office Work Projects\UI-Chat App\.venv\Lib\site-packages\httpx\_client.py", line 979, in _send_handling_redirects
    response = self._send_single_request(request)
  File "D:\Yogesh\Testing\Office Work Projects\UI-Chat App\.venv\Lib\site-packages\httpx\_client.py", line 1014, in _send_single_request
    response = transport.handle_request(request)
  File "D:\Yogesh\Testing\Office Work Projects\UI-Chat App\.venv\Lib\site-packages\httpx\_transports\default.py", line 249, in handle_request
    with map_httpcore_exceptions():
         ~~~~~~~~~~~~~~~~~~~~~~~^^
  File "D:\Yogesh\Python\Lib\contextlib.py", line 162, in __exit__
    self.gen.throw(value)
    ~~~~~~~~~~~~~~^^^^^^^
  File "D:\Yogesh\Testing\Office Work Projects\UI-Chat App\.venv\Lib\site-packages\httpx\_transports\default.py", line 118, in map_httpcore_exceptions
    raise mapped_exc(message) from exc
httpx.ConnectError: [SSL: CERTIFICATE_VERIFY_FAILED] certificate verify failed: self-signed certificate in certificate chain (_ssl.c:1028)
[INFO] truststore: injected Windows certificate store for SSL
[INFO] truststore: injected Windows certificate store for SSL
[ERROR] HF Inference error: Client error '404 Not Found' for url 'https://router.huggingface.co/hf-inference/models/microsoft/Phi-3-mini-128k-instruct' (Request ID: Root=1-690c32f1-7e66bfc972faf269720c8f2c;818eb190-eb47-4934-9478-50df26fce3e3)
For more information check: https://developer.mozilla.org/en-US/docs/Web/HTTP/Status/404
Traceback (most recent call last):
  File "D:\Yogesh\Testing\Office Work Projects\UI-Chat App\.venv\Lib\site-packages\huggingface_hub\utils\_http.py", line 553, in hf_raise_for_status
    response.raise_for_status()
    ~~~~~~~~~~~~~~~~~~~~~~~~~^^
  File "D:\Yogesh\Testing\Office Work Projects\UI-Chat App\.venv\Lib\site-packages\httpx\_models.py", line 829, in raise_for_status
    raise HTTPStatusError(message, request=request, response=self)
httpx.HTTPStatusError: Client error '404 Not Found' for url 'https://router.huggingface.co/hf-inference/models/microsoft/Phi-3-mini-128k-instruct'
For more information check: https://developer.mozilla.org/en-US/docs/Web/HTTP/Status/404

The above exception was the direct cause of the following exception:

Traceback (most recent call last):
  File "D:\Yogesh\Testing\Office Work Projects\UI-Chat App\src\chatstack\models\hf_infer.py", line 54, in complete
    result = await asyncio.to_thread(_call)
             ^^^^^^^^^^^^^^^^^^^^^^^^^^^^^^
  File "D:\Yogesh\Python\Lib\asyncio\threads.py", line 25, in to_thread
    return await loop.run_in_executor(None, func_call)
           ^^^^^^^^^^^^^^^^^^^^^^^^^^^^^^^^^^^^^^^^^^^
  File "D:\Yogesh\Python\Lib\concurrent\futures\thread.py", line 59, in run
    result = self.fn(*self.args, **self.kwargs)
  File "D:\Yogesh\Testing\Office Work Projects\UI-Chat App\src\chatstack\models\hf_infer.py", line 45, in _call
    return self.client.text_generation(
           ~~~~~~~~~~~~~~~~~~~~~~~~~~~^
        prompt,
        ^^^^^^^
    ...<3 lines>...
        return_full_text=False,
        ^^^^^^^^^^^^^^^^^^^^^^^
    )
    ^
  File "D:\Yogesh\Testing\Office Work Projects\UI-Chat App\.venv\Lib\site-packages\huggingface_hub\inference\_client.py", line 2415, in text_generation
    raise_text_generation_error(e)
    ~~~~~~~~~~~~~~~~~~~~~~~~~~~^^^
  File "D:\Yogesh\Testing\Office Work Projects\UI-Chat App\.venv\Lib\site-packages\huggingface_hub\inference\_common.py", line 414, in raise_text_generation_error
    raise http_error
  File "D:\Yogesh\Testing\Office Work Projects\UI-Chat App\.venv\Lib\site-packages\huggingface_hub\inference\_client.py", line 2385, in text_generation
    bytes_output = self._inner_post(request_parameters, stream=stream or False)
  File "D:\Yogesh\Testing\Office Work Projects\UI-Chat App\.venv\Lib\site-packages\huggingface_hub\inference\_client.py", line 284, in _inner_post
    hf_raise_for_status(response)
    ~~~~~~~~~~~~~~~~~~~^^^^^^^^^^
  File "D:\Yogesh\Testing\Office Work Projects\UI-Chat App\.venv\Lib\site-packages\huggingface_hub\utils\_http.py", line 629, in hf_raise_for_status
    raise _format(HfHubHTTPError, str(e), response) from e
huggingface_hub.errors.HfHubHTTPError: Client error '404 Not Found' for url 'https://router.huggingface.co/hf-inference/models/microsoft/Phi-3-mini-128k-instruct' (Request ID: Root=1-690c32f1-7e66bfc972faf269720c8f2c;818eb190-eb47-4934-9478-50df26fce3e3)
For more information check: https://developer.mozilla.org/en-US/docs/Web/HTTP/Status/404
[ERROR] Unhandled error: Client error '404 Not Found' for url 'https://router.huggingface.co/hf-inference/models/microsoft/Phi-3-mini-128k-instruct' (Request ID: Root=1-690c32f1-7e66bfc972faf269720c8f2c;818eb190-eb47-4934-9478-50df26fce3e3)
For more information check: https://developer.mozilla.org/en-US/docs/Web/HTTP/Status/404
Traceback (most recent call last):
  File "D:\Yogesh\Testing\Office Work Projects\UI-Chat App\.venv\Lib\site-packages\huggingface_hub\utils\_http.py", line 553, in hf_raise_for_status
    response.raise_for_status()
    ~~~~~~~~~~~~~~~~~~~~~~~~~^^
  File "D:\Yogesh\Testing\Office Work Projects\UI-Chat App\.venv\Lib\site-packages\httpx\_models.py", line 829, in raise_for_status
    raise HTTPStatusError(message, request=request, response=self)
httpx.HTTPStatusError: Client error '404 Not Found' for url 'https://router.huggingface.co/hf-inference/models/microsoft/Phi-3-mini-128k-instruct'
For more information check: https://developer.mozilla.org/en-US/docs/Web/HTTP/Status/404

The above exception was the direct cause of the following exception:

Traceback (most recent call last):
  File "D:\Yogesh\Testing\Office Work Projects\UI-Chat App\.venv\Lib\site-packages\starlette\middleware\errors.py", line 164, in __call__
    await self.app(scope, receive, _send)
  File "D:\Yogesh\Testing\Office Work Projects\UI-Chat App\.venv\Lib\site-packages\starlette\middleware\exceptions.py", line 63, in __call__
    await wrap_app_handling_exceptions(self.app, conn)(scope, receive, send)
  File "D:\Yogesh\Testing\Office Work Projects\UI-Chat App\.venv\Lib\site-packages\starlette\_exception_handler.py", line 53, in wrapped_app
    raise exc
  File "D:\Yogesh\Testing\Office Work Projects\UI-Chat App\.venv\Lib\site-packages\starlette\_exception_handler.py", line 42, in wrapped_app
    await app(scope, receive, sender)
  File "D:\Yogesh\Testing\Office Work Projects\UI-Chat App\.venv\Lib\site-packages\fastapi\middleware\asyncexitstack.py", line 18, in __call__
    await self.app(scope, receive, send)
  File "D:\Yogesh\Testing\Office Work Projects\UI-Chat App\.venv\Lib\site-packages\starlette\routing.py", line 716, in __call__
    await self.middleware_stack(scope, receive, send)
  File "D:\Yogesh\Testing\Office Work Projects\UI-Chat App\.venv\Lib\site-packages\starlette\routing.py", line 736, in app
    await route.handle(scope, receive, send)
  File "D:\Yogesh\Testing\Office Work Projects\UI-Chat App\.venv\Lib\site-packages\starlette\routing.py", line 290, in handle
    await self.app(scope, receive, send)
  File "D:\Yogesh\Testing\Office Work Projects\UI-Chat App\.venv\Lib\site-packages\fastapi\routing.py", line 125, in app
    await wrap_app_handling_exceptions(app, request)(scope, receive, send)
  File "D:\Yogesh\Testing\Office Work Projects\UI-Chat App\.venv\Lib\site-packages\starlette\_exception_handler.py", line 53, in wrapped_app
    raise exc
  File "D:\Yogesh\Testing\Office Work Projects\UI-Chat App\.venv\Lib\site-packages\starlette\_exception_handler.py", line 42, in wrapped_app
    await app(scope, receive, sender)
  File "D:\Yogesh\Testing\Office Work Projects\UI-Chat App\.venv\Lib\site-packages\fastapi\routing.py", line 111, in app
    response = await f(request)
               ^^^^^^^^^^^^^^^^
  File "D:\Yogesh\Testing\Office Work Projects\UI-Chat App\.venv\Lib\site-packages\fastapi\routing.py", line 391, in app
    raw_response = await run_endpoint_function(
                   ^^^^^^^^^^^^^^^^^^^^^^^^^^^^
    ...<3 lines>...
    )
    ^
  File "D:\Yogesh\Testing\Office Work Projects\UI-Chat App\.venv\Lib\site-packages\fastapi\routing.py", line 290, in run_endpoint_function
    return await dependant.call(**values)
           ^^^^^^^^^^^^^^^^^^^^^^^^^^^^^^
  File "D:\Yogesh\Testing\Office Work Projects\UI-Chat App\src\chatstack\api\server.py", line 58, in chat
    content = await backend.complete([m.model_dump() for m in req.messages], temperature=req.temperature)
              ^^^^^^^^^^^^^^^^^^^^^^^^^^^^^^^^^^^^^^^^^^^^^^^^^^^^^^^^^^^^^^^^^^^^^^^^^^^^^^^^^^^^^^^^^^^
  File "D:\Yogesh\Testing\Office Work Projects\UI-Chat App\src\chatstack\models\hf_infer.py", line 54, in complete
    result = await asyncio.to_thread(_call)
             ^^^^^^^^^^^^^^^^^^^^^^^^^^^^^^
  File "D:\Yogesh\Python\Lib\asyncio\threads.py", line 25, in to_thread
    return await loop.run_in_executor(None, func_call)
           ^^^^^^^^^^^^^^^^^^^^^^^^^^^^^^^^^^^^^^^^^^^
  File "D:\Yogesh\Python\Lib\concurrent\futures\thread.py", line 59, in run
    result = self.fn(*self.args, **self.kwargs)
  File "D:\Yogesh\Testing\Office Work Projects\UI-Chat App\src\chatstack\models\hf_infer.py", line 45, in _call
    return self.client.text_generation(
           ~~~~~~~~~~~~~~~~~~~~~~~~~~~^
        prompt,
        ^^^^^^^
    ...<3 lines>...
        return_full_text=False,
        ^^^^^^^^^^^^^^^^^^^^^^^
    )
    ^
  File "D:\Yogesh\Testing\Office Work Projects\UI-Chat App\.venv\Lib\site-packages\huggingface_hub\inference\_client.py", line 2415, in text_generation
    raise_text_generation_error(e)
    ~~~~~~~~~~~~~~~~~~~~~~~~~~~^^^
  File "D:\Yogesh\Testing\Office Work Projects\UI-Chat App\.venv\Lib\site-packages\huggingface_hub\inference\_common.py", line 414, in raise_text_generation_error
    raise http_error
  File "D:\Yogesh\Testing\Office Work Projects\UI-Chat App\.venv\Lib\site-packages\huggingface_hub\inference\_client.py", line 2385, in text_generation
    bytes_output = self._inner_post(request_parameters, stream=stream or False)
  File "D:\Yogesh\Testing\Office Work Projects\UI-Chat App\.venv\Lib\site-packages\huggingface_hub\inference\_client.py", line 284, in _inner_post
    hf_raise_for_status(response)
    ~~~~~~~~~~~~~~~~~~~^^^^^^^^^^
  File "D:\Yogesh\Testing\Office Work Projects\UI-Chat App\.venv\Lib\site-packages\huggingface_hub\utils\_http.py", line 629, in hf_raise_for_status
    raise _format(HfHubHTTPError, str(e), response) from e
huggingface_hub.errors.HfHubHTTPError: Client error '404 Not Found' for url 'https://router.huggingface.co/hf-inference/models/microsoft/Phi-3-mini-128k-instruct' (Request ID: Root=1-690c32f1-7e66bfc972faf269720c8f2c;818eb190-eb47-4934-9478-50df26fce3e3)
For more information check: https://developer.mozilla.org/en-US/docs/Web/HTTP/Status/404
[INFO] truststore: injected Windows certificate store for SSL
[ERROR] HF Inference error: Client error '404 Not Found' for url 'https://router.huggingface.co/hf-inference/models/microsoft/Phi-3-mini-128k-instruct' (Request ID: Root=1-690c335f-0b98ce894ed3bf6407d7a7ee;596d8980-f26e-4ee5-be68-d0de43d9c0d6)
For more information check: https://developer.mozilla.org/en-US/docs/Web/HTTP/Status/404
Traceback (most recent call last):
  File "D:\Yogesh\Testing\Office Work Projects\UI-Chat App\.venv\Lib\site-packages\huggingface_hub\utils\_http.py", line 553, in hf_raise_for_status
    response.raise_for_status()
    ~~~~~~~~~~~~~~~~~~~~~~~~~^^
  File "D:\Yogesh\Testing\Office Work Projects\UI-Chat App\.venv\Lib\site-packages\httpx\_models.py", line 829, in raise_for_status
    raise HTTPStatusError(message, request=request, response=self)
httpx.HTTPStatusError: Client error '404 Not Found' for url 'https://router.huggingface.co/hf-inference/models/microsoft/Phi-3-mini-128k-instruct'
For more information check: https://developer.mozilla.org/en-US/docs/Web/HTTP/Status/404

The above exception was the direct cause of the following exception:

Traceback (most recent call last):
  File "D:\Yogesh\Testing\Office Work Projects\UI-Chat App\src\chatstack\models\hf_infer.py", line 54, in complete
    result = await asyncio.to_thread(_call)
             ^^^^^^^^^^^^^^^^^^^^^^^^^^^^^^
  File "D:\Yogesh\Python\Lib\asyncio\threads.py", line 25, in to_thread
    return await loop.run_in_executor(None, func_call)
           ^^^^^^^^^^^^^^^^^^^^^^^^^^^^^^^^^^^^^^^^^^^
  File "D:\Yogesh\Python\Lib\concurrent\futures\thread.py", line 59, in run
    result = self.fn(*self.args, **self.kwargs)
  File "D:\Yogesh\Testing\Office Work Projects\UI-Chat App\src\chatstack\models\hf_infer.py", line 45, in _call
    return self.client.text_generation(
           ~~~~~~~~~~~~~~~~~~~~~~~~~~~^
        prompt,
        ^^^^^^^
    ...<3 lines>...
        return_full_text=False,
        ^^^^^^^^^^^^^^^^^^^^^^^
    )
    ^
  File "D:\Yogesh\Testing\Office Work Projects\UI-Chat App\.venv\Lib\site-packages\huggingface_hub\inference\_client.py", line 2415, in text_generation
    raise_text_generation_error(e)
    ~~~~~~~~~~~~~~~~~~~~~~~~~~~^^^
  File "D:\Yogesh\Testing\Office Work Projects\UI-Chat App\.venv\Lib\site-packages\huggingface_hub\inference\_common.py", line 414, in raise_text_generation_error
    raise http_error
  File "D:\Yogesh\Testing\Office Work Projects\UI-Chat App\.venv\Lib\site-packages\huggingface_hub\inference\_client.py", line 2385, in text_generation
    bytes_output = self._inner_post(request_parameters, stream=stream or False)
  File "D:\Yogesh\Testing\Office Work Projects\UI-Chat App\.venv\Lib\site-packages\huggingface_hub\inference\_client.py", line 284, in _inner_post
    hf_raise_for_status(response)
    ~~~~~~~~~~~~~~~~~~~^^^^^^^^^^
  File "D:\Yogesh\Testing\Office Work Projects\UI-Chat App\.venv\Lib\site-packages\huggingface_hub\utils\_http.py", line 629, in hf_raise_for_status
    raise _format(HfHubHTTPError, str(e), response) from e
huggingface_hub.errors.HfHubHTTPError: Client error '404 Not Found' for url 'https://router.huggingface.co/hf-inference/models/microsoft/Phi-3-mini-128k-instruct' (Request ID: Root=1-690c335f-0b98ce894ed3bf6407d7a7ee;596d8980-f26e-4ee5-be68-d0de43d9c0d6)
For more information check: https://developer.mozilla.org/en-US/docs/Web/HTTP/Status/404
[ERROR] Unhandled error: Client error '404 Not Found' for url 'https://router.huggingface.co/hf-inference/models/microsoft/Phi-3-mini-128k-instruct' (Request ID: Root=1-690c335f-0b98ce894ed3bf6407d7a7ee;596d8980-f26e-4ee5-be68-d0de43d9c0d6)
For more information check: https://developer.mozilla.org/en-US/docs/Web/HTTP/Status/404
Traceback (most recent call last):
  File "D:\Yogesh\Testing\Office Work Projects\UI-Chat App\.venv\Lib\site-packages\huggingface_hub\utils\_http.py", line 553, in hf_raise_for_status
    response.raise_for_status()
    ~~~~~~~~~~~~~~~~~~~~~~~~~^^
  File "D:\Yogesh\Testing\Office Work Projects\UI-Chat App\.venv\Lib\site-packages\httpx\_models.py", line 829, in raise_for_status
    raise HTTPStatusError(message, request=request, response=self)
httpx.HTTPStatusError: Client error '404 Not Found' for url 'https://router.huggingface.co/hf-inference/models/microsoft/Phi-3-mini-128k-instruct'
For more information check: https://developer.mozilla.org/en-US/docs/Web/HTTP/Status/404

The above exception was the direct cause of the following exception:

Traceback (most recent call last):
  File "D:\Yogesh\Testing\Office Work Projects\UI-Chat App\.venv\Lib\site-packages\starlette\middleware\errors.py", line 164, in __call__
    await self.app(scope, receive, _send)
  File "D:\Yogesh\Testing\Office Work Projects\UI-Chat App\.venv\Lib\site-packages\starlette\middleware\exceptions.py", line 63, in __call__
    await wrap_app_handling_exceptions(self.app, conn)(scope, receive, send)
  File "D:\Yogesh\Testing\Office Work Projects\UI-Chat App\.venv\Lib\site-packages\starlette\_exception_handler.py", line 53, in wrapped_app
    raise exc
  File "D:\Yogesh\Testing\Office Work Projects\UI-Chat App\.venv\Lib\site-packages\starlette\_exception_handler.py", line 42, in wrapped_app
    await app(scope, receive, sender)
  File "D:\Yogesh\Testing\Office Work Projects\UI-Chat App\.venv\Lib\site-packages\fastapi\middleware\asyncexitstack.py", line 18, in __call__
    await self.app(scope, receive, send)
  File "D:\Yogesh\Testing\Office Work Projects\UI-Chat App\.venv\Lib\site-packages\starlette\routing.py", line 716, in __call__
    await self.middleware_stack(scope, receive, send)
  File "D:\Yogesh\Testing\Office Work Projects\UI-Chat App\.venv\Lib\site-packages\starlette\routing.py", line 736, in app
    await route.handle(scope, receive, send)
  File "D:\Yogesh\Testing\Office Work Projects\UI-Chat App\.venv\Lib\site-packages\starlette\routing.py", line 290, in handle
    await self.app(scope, receive, send)
  File "D:\Yogesh\Testing\Office Work Projects\UI-Chat App\.venv\Lib\site-packages\fastapi\routing.py", line 125, in app
    await wrap_app_handling_exceptions(app, request)(scope, receive, send)
  File "D:\Yogesh\Testing\Office Work Projects\UI-Chat App\.venv\Lib\site-packages\starlette\_exception_handler.py", line 53, in wrapped_app
    raise exc
  File "D:\Yogesh\Testing\Office Work Projects\UI-Chat App\.venv\Lib\site-packages\starlette\_exception_handler.py", line 42, in wrapped_app
    await app(scope, receive, sender)
  File "D:\Yogesh\Testing\Office Work Projects\UI-Chat App\.venv\Lib\site-packages\fastapi\routing.py", line 111, in app
    response = await f(request)
               ^^^^^^^^^^^^^^^^
  File "D:\Yogesh\Testing\Office Work Projects\UI-Chat App\.venv\Lib\site-packages\fastapi\routing.py", line 391, in app
    raw_response = await run_endpoint_function(
                   ^^^^^^^^^^^^^^^^^^^^^^^^^^^^
    ...<3 lines>...
    )
    ^
  File "D:\Yogesh\Testing\Office Work Projects\UI-Chat App\.venv\Lib\site-packages\fastapi\routing.py", line 290, in run_endpoint_function
    return await dependant.call(**values)
           ^^^^^^^^^^^^^^^^^^^^^^^^^^^^^^
  File "D:\Yogesh\Testing\Office Work Projects\UI-Chat App\src\chatstack\api\server.py", line 58, in chat
    content = await backend.complete([m.model_dump() for m in req.messages], temperature=req.temperature)
              ^^^^^^^^^^^^^^^^^^^^^^^^^^^^^^^^^^^^^^^^^^^^^^^^^^^^^^^^^^^^^^^^^^^^^^^^^^^^^^^^^^^^^^^^^^^
  File "D:\Yogesh\Testing\Office Work Projects\UI-Chat App\src\chatstack\models\hf_infer.py", line 54, in complete
    result = await asyncio.to_thread(_call)
             ^^^^^^^^^^^^^^^^^^^^^^^^^^^^^^
  File "D:\Yogesh\Python\Lib\asyncio\threads.py", line 25, in to_thread
    return await loop.run_in_executor(None, func_call)
           ^^^^^^^^^^^^^^^^^^^^^^^^^^^^^^^^^^^^^^^^^^^
  File "D:\Yogesh\Python\Lib\concurrent\futures\thread.py", line 59, in run
    result = self.fn(*self.args, **self.kwargs)
  File "D:\Yogesh\Testing\Office Work Projects\UI-Chat App\src\chatstack\models\hf_infer.py", line 45, in _call
    return self.client.text_generation(
           ~~~~~~~~~~~~~~~~~~~~~~~~~~~^
        prompt,
        ^^^^^^^
    ...<3 lines>...
        return_full_text=False,
        ^^^^^^^^^^^^^^^^^^^^^^^
    )
    ^
  File "D:\Yogesh\Testing\Office Work Projects\UI-Chat App\.venv\Lib\site-packages\huggingface_hub\inference\_client.py", line 2415, in text_generation
    raise_text_generation_error(e)
    ~~~~~~~~~~~~~~~~~~~~~~~~~~~^^^
  File "D:\Yogesh\Testing\Office Work Projects\UI-Chat App\.venv\Lib\site-packages\huggingface_hub\inference\_common.py", line 414, in raise_text_generation_error
    raise http_error
  File "D:\Yogesh\Testing\Office Work Projects\UI-Chat App\.venv\Lib\site-packages\huggingface_hub\inference\_client.py", line 2385, in text_generation
    bytes_output = self._inner_post(request_parameters, stream=stream or False)
  File "D:\Yogesh\Testing\Office Work Projects\UI-Chat App\.venv\Lib\site-packages\huggingface_hub\inference\_client.py", line 284, in _inner_post
    hf_raise_for_status(response)
    ~~~~~~~~~~~~~~~~~~~^^^^^^^^^^
  File "D:\Yogesh\Testing\Office Work Projects\UI-Chat App\.venv\Lib\site-packages\huggingface_hub\utils\_http.py", line 629, in hf_raise_for_status
    raise _format(HfHubHTTPError, str(e), response) from e
huggingface_hub.errors.HfHubHTTPError: Client error '404 Not Found' for url 'https://router.huggingface.co/hf-inference/models/microsoft/Phi-3-mini-128k-instruct' (Request ID: Root=1-690c335f-0b98ce894ed3bf6407d7a7ee;596d8980-f26e-4ee5-be68-d0de43d9c0d6)
For more information check: https://developer.mozilla.org/en-US/docs/Web/HTTP/Status/404
[INFO] truststore: injected Windows certificate store for SSL
[ERROR] HF Inference error: Client error '404 Not Found' for url 'https://router.huggingface.co/hf-inference/models/microsoft/Phi-3-mini-128k-instruct' (Request ID: Root=1-690c33a2-211479134e0549e13cd8de3b;7487ce38-246d-4789-b608-2f4449a1c567)
For more information check: https://developer.mozilla.org/en-US/docs/Web/HTTP/Status/404
Traceback (most recent call last):
  File "D:\Yogesh\Testing\Office Work Projects\UI-Chat App\.venv\Lib\site-packages\huggingface_hub\utils\_http.py", line 553, in hf_raise_for_status
    response.raise_for_status()
    ~~~~~~~~~~~~~~~~~~~~~~~~~^^
  File "D:\Yogesh\Testing\Office Work Projects\UI-Chat App\.venv\Lib\site-packages\httpx\_models.py", line 829, in raise_for_status
    raise HTTPStatusError(message, request=request, response=self)
httpx.HTTPStatusError: Client error '404 Not Found' for url 'https://router.huggingface.co/hf-inference/models/microsoft/Phi-3-mini-128k-instruct'
For more information check: https://developer.mozilla.org/en-US/docs/Web/HTTP/Status/404

The above exception was the direct cause of the following exception:

Traceback (most recent call last):
  File "D:\Yogesh\Testing\Office Work Projects\UI-Chat App\src\chatstack\models\hf_infer.py", line 54, in complete
    return_full_text=False,
         ^^^^^^^^^^^^^^^^^^
  File "D:\Yogesh\Python\Lib\asyncio\threads.py", line 25, in to_thread
    return await loop.run_in_executor(None, func_call)
           ^^^^^^^^^^^^^^^^^^^^^^^^^^^^^^^^^^^^^^^^^^^
  File "D:\Yogesh\Python\Lib\concurrent\futures\thread.py", line 59, in run
    result = self.fn(*self.args, **self.kwargs)
  File "D:\Yogesh\Testing\Office Work Projects\UI-Chat App\src\chatstack\models\hf_infer.py", line 45, in _call
    max_new_tokens = min(int(kwargs.get("max_new_tokens", 256)), 1024)
               ^^^^^^^^^^^^^^^^^^^^^^^^^^^^^^^^^^^^^^^^^^^^^^^^^^^^^^^
    ...<5 lines>...
            max_new_tokens=max_new_tokens,
    
  File "D:\Yogesh\Testing\Office Work Projects\UI-Chat App\.venv\Lib\site-packages\huggingface_hub\inference\_client.py", line 2415, in text_generation
    raise_text_generation_error(e)
    ~~~~~~~~~~~~~~~~~~~~~~~~~~~^^^
  File "D:\Yogesh\Testing\Office Work Projects\UI-Chat App\.venv\Lib\site-packages\huggingface_hub\inference\_common.py", line 414, in raise_text_generation_error
    raise http_error
  File "D:\Yogesh\Testing\Office Work Projects\UI-Chat App\.venv\Lib\site-packages\huggingface_hub\inference\_client.py", line 2385, in text_generation
    bytes_output = self._inner_post(request_parameters, stream=stream or False)
  File "D:\Yogesh\Testing\Office Work Projects\UI-Chat App\.venv\Lib\site-packages\huggingface_hub\inference\_client.py", line 284, in _inner_post
    hf_raise_for_status(response)
    ~~~~~~~~~~~~~~~~~~~^^^^^^^^^^
  File "D:\Yogesh\Testing\Office Work Projects\UI-Chat App\.venv\Lib\site-packages\huggingface_hub\utils\_http.py", line 629, in hf_raise_for_status
    raise _format(HfHubHTTPError, str(e), response) from e
huggingface_hub.errors.HfHubHTTPError: Client error '404 Not Found' for url 'https://router.huggingface.co/hf-inference/models/microsoft/Phi-3-mini-128k-instruct' (Request ID: Root=1-690c33a2-211479134e0549e13cd8de3b;7487ce38-246d-4789-b608-2f4449a1c567)
For more information check: https://developer.mozilla.org/en-US/docs/Web/HTTP/Status/404
[ERROR] Unhandled error: Client error '404 Not Found' for url 'https://router.huggingface.co/hf-inference/models/microsoft/Phi-3-mini-128k-instruct' (Request ID: Root=1-690c33a2-211479134e0549e13cd8de3b;7487ce38-246d-4789-b608-2f4449a1c567)
For more information check: https://developer.mozilla.org/en-US/docs/Web/HTTP/Status/404
Traceback (most recent call last):
  File "D:\Yogesh\Testing\Office Work Projects\UI-Chat App\.venv\Lib\site-packages\huggingface_hub\utils\_http.py", line 553, in hf_raise_for_status
    response.raise_for_status()
    ~~~~~~~~~~~~~~~~~~~~~~~~~^^
  File "D:\Yogesh\Testing\Office Work Projects\UI-Chat App\.venv\Lib\site-packages\httpx\_models.py", line 829, in raise_for_status
    raise HTTPStatusError(message, request=request, response=self)
httpx.HTTPStatusError: Client error '404 Not Found' for url 'https://router.huggingface.co/hf-inference/models/microsoft/Phi-3-mini-128k-instruct'
For more information check: https://developer.mozilla.org/en-US/docs/Web/HTTP/Status/404

The above exception was the direct cause of the following exception:

Traceback (most recent call last):
  File "D:\Yogesh\Testing\Office Work Projects\UI-Chat App\.venv\Lib\site-packages\starlette\middleware\errors.py", line 164, in __call__
    await self.app(scope, receive, _send)
  File "D:\Yogesh\Testing\Office Work Projects\UI-Chat App\.venv\Lib\site-packages\starlette\middleware\exceptions.py", line 63, in __call__
    await wrap_app_handling_exceptions(self.app, conn)(scope, receive, send)
  File "D:\Yogesh\Testing\Office Work Projects\UI-Chat App\.venv\Lib\site-packages\starlette\_exception_handler.py", line 53, in wrapped_app
    raise exc
  File "D:\Yogesh\Testing\Office Work Projects\UI-Chat App\.venv\Lib\site-packages\starlette\_exception_handler.py", line 42, in wrapped_app
    await app(scope, receive, sender)
  File "D:\Yogesh\Testing\Office Work Projects\UI-Chat App\.venv\Lib\site-packages\fastapi\middleware\asyncexitstack.py", line 18, in __call__
    await self.app(scope, receive, send)
  File "D:\Yogesh\Testing\Office Work Projects\UI-Chat App\.venv\Lib\site-packages\starlette\routing.py", line 716, in __call__
    await self.middleware_stack(scope, receive, send)
  File "D:\Yogesh\Testing\Office Work Projects\UI-Chat App\.venv\Lib\site-packages\starlette\routing.py", line 736, in app
    await route.handle(scope, receive, send)
  File "D:\Yogesh\Testing\Office Work Projects\UI-Chat App\.venv\Lib\site-packages\starlette\routing.py", line 290, in handle
    await self.app(scope, receive, send)
  File "D:\Yogesh\Testing\Office Work Projects\UI-Chat App\.venv\Lib\site-packages\fastapi\routing.py", line 125, in app
    await wrap_app_handling_exceptions(app, request)(scope, receive, send)
  File "D:\Yogesh\Testing\Office Work Projects\UI-Chat App\.venv\Lib\site-packages\starlette\_exception_handler.py", line 53, in wrapped_app
    raise exc
  File "D:\Yogesh\Testing\Office Work Projects\UI-Chat App\.venv\Lib\site-packages\starlette\_exception_handler.py", line 42, in wrapped_app
    await app(scope, receive, sender)
  File "D:\Yogesh\Testing\Office Work Projects\UI-Chat App\.venv\Lib\site-packages\fastapi\routing.py", line 111, in app
    response = await f(request)
               ^^^^^^^^^^^^^^^^
  File "D:\Yogesh\Testing\Office Work Projects\UI-Chat App\.venv\Lib\site-packages\fastapi\routing.py", line 391, in app
    raw_response = await run_endpoint_function(
                   ^^^^^^^^^^^^^^^^^^^^^^^^^^^^
    ...<3 lines>...
    )
    ^
  File "D:\Yogesh\Testing\Office Work Projects\UI-Chat App\.venv\Lib\site-packages\fastapi\routing.py", line 290, in run_endpoint_function
    return await dependant.call(**values)
           ^^^^^^^^^^^^^^^^^^^^^^^^^^^^^^
  File "D:\Yogesh\Testing\Office Work Projects\UI-Chat App\src\chatstack\api\server.py", line 58, in chat
    content = await backend.complete([m.model_dump() for m in req.messages], temperature=req.temperature)
              ^^^^^^^^^^^^^^^^^^^^^^^^^^^^^^^^^^^^^^^^^^^^^^^^^^^^^^^^^^^^^^^^^^^^^^^^^^^^^^^^^^^^^^^^^^^
  File "D:\Yogesh\Testing\Office Work Projects\UI-Chat App\src\chatstack\models\hf_infer.py", line 54, in complete
    return_full_text=False,
         ^^^^^^^^^^^^^^^^^^
  File "D:\Yogesh\Python\Lib\asyncio\threads.py", line 25, in to_thread
    return await loop.run_in_executor(None, func_call)
           ^^^^^^^^^^^^^^^^^^^^^^^^^^^^^^^^^^^^^^^^^^^
  File "D:\Yogesh\Python\Lib\concurrent\futures\thread.py", line 59, in run
    result = self.fn(*self.args, **self.kwargs)
  File "D:\Yogesh\Testing\Office Work Projects\UI-Chat App\src\chatstack\models\hf_infer.py", line 45, in _call
    max_new_tokens = min(int(kwargs.get("max_new_tokens", 256)), 1024)
               ^^^^^^^^^^^^^^^^^^^^^^^^^^^^^^^^^^^^^^^^^^^^^^^^^^^^^^^
    ...<5 lines>...
            max_new_tokens=max_new_tokens,
    
  File "D:\Yogesh\Testing\Office Work Projects\UI-Chat App\.venv\Lib\site-packages\huggingface_hub\inference\_client.py", line 2415, in text_generation
    raise_text_generation_error(e)
    ~~~~~~~~~~~~~~~~~~~~~~~~~~~^^^
  File "D:\Yogesh\Testing\Office Work Projects\UI-Chat App\.venv\Lib\site-packages\huggingface_hub\inference\_common.py", line 414, in raise_text_generation_error
    raise http_error
  File "D:\Yogesh\Testing\Office Work Projects\UI-Chat App\.venv\Lib\site-packages\huggingface_hub\inference\_client.py", line 2385, in text_generation
    bytes_output = self._inner_post(request_parameters, stream=stream or False)
  File "D:\Yogesh\Testing\Office Work Projects\UI-Chat App\.venv\Lib\site-packages\huggingface_hub\inference\_client.py", line 284, in _inner_post
    hf_raise_for_status(response)
    ~~~~~~~~~~~~~~~~~~~^^^^^^^^^^
  File "D:\Yogesh\Testing\Office Work Projects\UI-Chat App\.venv\Lib\site-packages\huggingface_hub\utils\_http.py", line 629, in hf_raise_for_status
    raise _format(HfHubHTTPError, str(e), response) from e
huggingface_hub.errors.HfHubHTTPError: Client error '404 Not Found' for url 'https://router.huggingface.co/hf-inference/models/microsoft/Phi-3-mini-128k-instruct' (Request ID: Root=1-690c33a2-211479134e0549e13cd8de3b;7487ce38-246d-4789-b608-2f4449a1c567)
For more information check: https://developer.mozilla.org/en-US/docs/Web/HTTP/Status/404
[INFO] truststore: injected Windows certificate store for SSL
[ERROR] HF Inference error: Client error '404 Not Found' for url 'https://router.huggingface.co/hf-inference/models/microsoft/Phi-3-mini-128k-instruct' (Request ID: Root=1-690c33e6-0b4e40bc48ca24c42036e8e0;c439ade8-c713-445a-9194-546cd5da166a)
For more information check: https://developer.mozilla.org/en-US/docs/Web/HTTP/Status/404
Traceback (most recent call last):
  File "D:\Yogesh\Testing\Office Work Projects\UI-Chat App\.venv\Lib\site-packages\huggingface_hub\utils\_http.py", line 553, in hf_raise_for_status
    response.raise_for_status()
    ~~~~~~~~~~~~~~~~~~~~~~~~~^^
  File "D:\Yogesh\Testing\Office Work Projects\UI-Chat App\.venv\Lib\site-packages\httpx\_models.py", line 829, in raise_for_status
    raise HTTPStatusError(message, request=request, response=self)
httpx.HTTPStatusError: Client error '404 Not Found' for url 'https://router.huggingface.co/hf-inference/models/microsoft/Phi-3-mini-128k-instruct'
For more information check: https://developer.mozilla.org/en-US/docs/Web/HTTP/Status/404

The above exception was the direct cause of the following exception:

Traceback (most recent call last):
  File "D:\Yogesh\Testing\Office Work Projects\UI-Chat App\src\chatstack\models\hf_infer.py", line 54, in complete
    max_new_tokens=max_new_tokens,
     ^^^^^^^^^^^^^^^^^^^^^^^^^^^^^
  File "D:\Yogesh\Python\Lib\asyncio\threads.py", line 25, in to_thread
    return await loop.run_in_executor(None, func_call)
           ^^^^^^^^^^^^^^^^^^^^^^^^^^^^^^^^^^^^^^^^^^^
  File "D:\Yogesh\Python\Lib\concurrent\futures\thread.py", line 59, in run
    result = self.fn(*self.args, **self.kwargs)
  File "D:\Yogesh\Testing\Office Work Projects\UI-Chat App\src\chatstack\models\hf_infer.py", line 45, in _call
    
    ...<5 lines>...
        try:
  File "D:\Yogesh\Testing\Office Work Projects\UI-Chat App\.venv\Lib\site-packages\huggingface_hub\inference\_client.py", line 2415, in text_generation
    raise_text_generation_error(e)
    ~~~~~~~~~~~~~~~~~~~~~~~~~~~^^^
  File "D:\Yogesh\Testing\Office Work Projects\UI-Chat App\.venv\Lib\site-packages\huggingface_hub\inference\_common.py", line 414, in raise_text_generation_error
    raise http_error
  File "D:\Yogesh\Testing\Office Work Projects\UI-Chat App\.venv\Lib\site-packages\huggingface_hub\inference\_client.py", line 2385, in text_generation
    bytes_output = self._inner_post(request_parameters, stream=stream or False)
  File "D:\Yogesh\Testing\Office Work Projects\UI-Chat App\.venv\Lib\site-packages\huggingface_hub\inference\_client.py", line 284, in _inner_post
    hf_raise_for_status(response)
    ~~~~~~~~~~~~~~~~~~~^^^^^^^^^^
  File "D:\Yogesh\Testing\Office Work Projects\UI-Chat App\.venv\Lib\site-packages\huggingface_hub\utils\_http.py", line 629, in hf_raise_for_status
    raise _format(HfHubHTTPError, str(e), response) from e
huggingface_hub.errors.HfHubHTTPError: Client error '404 Not Found' for url 'https://router.huggingface.co/hf-inference/models/microsoft/Phi-3-mini-128k-instruct' (Request ID: Root=1-690c33e6-0b4e40bc48ca24c42036e8e0;c439ade8-c713-445a-9194-546cd5da166a)
For more information check: https://developer.mozilla.org/en-US/docs/Web/HTTP/Status/404
[ERROR] Unhandled error: Client error '404 Not Found' for url 'https://router.huggingface.co/hf-inference/models/microsoft/Phi-3-mini-128k-instruct' (Request ID: Root=1-690c33e6-0b4e40bc48ca24c42036e8e0;c439ade8-c713-445a-9194-546cd5da166a)
For more information check: https://developer.mozilla.org/en-US/docs/Web/HTTP/Status/404
Traceback (most recent call last):
  File "D:\Yogesh\Testing\Office Work Projects\UI-Chat App\.venv\Lib\site-packages\huggingface_hub\utils\_http.py", line 553, in hf_raise_for_status
    response.raise_for_status()
    ~~~~~~~~~~~~~~~~~~~~~~~~~^^
  File "D:\Yogesh\Testing\Office Work Projects\UI-Chat App\.venv\Lib\site-packages\httpx\_models.py", line 829, in raise_for_status
    raise HTTPStatusError(message, request=request, response=self)
httpx.HTTPStatusError: Client error '404 Not Found' for url 'https://router.huggingface.co/hf-inference/models/microsoft/Phi-3-mini-128k-instruct'
For more information check: https://developer.mozilla.org/en-US/docs/Web/HTTP/Status/404

The above exception was the direct cause of the following exception:

Traceback (most recent call last):
  File "D:\Yogesh\Testing\Office Work Projects\UI-Chat App\.venv\Lib\site-packages\starlette\middleware\errors.py", line 164, in __call__
    await self.app(scope, receive, _send)
  File "D:\Yogesh\Testing\Office Work Projects\UI-Chat App\.venv\Lib\site-packages\starlette\middleware\exceptions.py", line 63, in __call__
    await wrap_app_handling_exceptions(self.app, conn)(scope, receive, send)
  File "D:\Yogesh\Testing\Office Work Projects\UI-Chat App\.venv\Lib\site-packages\starlette\_exception_handler.py", line 53, in wrapped_app
    raise exc
  File "D:\Yogesh\Testing\Office Work Projects\UI-Chat App\.venv\Lib\site-packages\starlette\_exception_handler.py", line 42, in wrapped_app
    await app(scope, receive, sender)
  File "D:\Yogesh\Testing\Office Work Projects\UI-Chat App\.venv\Lib\site-packages\fastapi\middleware\asyncexitstack.py", line 18, in __call__
    await self.app(scope, receive, send)
  File "D:\Yogesh\Testing\Office Work Projects\UI-Chat App\.venv\Lib\site-packages\starlette\routing.py", line 716, in __call__
    await self.middleware_stack(scope, receive, send)
  File "D:\Yogesh\Testing\Office Work Projects\UI-Chat App\.venv\Lib\site-packages\starlette\routing.py", line 736, in app
    await route.handle(scope, receive, send)
  File "D:\Yogesh\Testing\Office Work Projects\UI-Chat App\.venv\Lib\site-packages\starlette\routing.py", line 290, in handle
    await self.app(scope, receive, send)
  File "D:\Yogesh\Testing\Office Work Projects\UI-Chat App\.venv\Lib\site-packages\fastapi\routing.py", line 125, in app
    await wrap_app_handling_exceptions(app, request)(scope, receive, send)
  File "D:\Yogesh\Testing\Office Work Projects\UI-Chat App\.venv\Lib\site-packages\starlette\_exception_handler.py", line 53, in wrapped_app
    raise exc
  File "D:\Yogesh\Testing\Office Work Projects\UI-Chat App\.venv\Lib\site-packages\starlette\_exception_handler.py", line 42, in wrapped_app
    await app(scope, receive, sender)
  File "D:\Yogesh\Testing\Office Work Projects\UI-Chat App\.venv\Lib\site-packages\fastapi\routing.py", line 111, in app
    response = await f(request)
               ^^^^^^^^^^^^^^^^
  File "D:\Yogesh\Testing\Office Work Projects\UI-Chat App\.venv\Lib\site-packages\fastapi\routing.py", line 391, in app
    raw_response = await run_endpoint_function(
                   ^^^^^^^^^^^^^^^^^^^^^^^^^^^^
    ...<3 lines>...
    )
    ^
  File "D:\Yogesh\Testing\Office Work Projects\UI-Chat App\.venv\Lib\site-packages\fastapi\routing.py", line 290, in run_endpoint_function
    return await dependant.call(**values)
           ^^^^^^^^^^^^^^^^^^^^^^^^^^^^^^
  File "D:\Yogesh\Testing\Office Work Projects\UI-Chat App\src\chatstack\api\server.py", line 58, in chat
    content = await backend.complete([m.model_dump() for m in req.messages], temperature=req.temperature)
              ^^^^^^^^^^^^^^^^^^^^^^^^^^^^^^^^^^^^^^^^^^^^^^^^^^^^^^^^^^^^^^^^^^^^^^^^^^^^^^^^^^^^^^^^^^^
  File "D:\Yogesh\Testing\Office Work Projects\UI-Chat App\src\chatstack\models\hf_infer.py", line 54, in complete
    max_new_tokens=max_new_tokens,
     ^^^^^^^^^^^^^^^^^^^^^^^^^^^^^
  File "D:\Yogesh\Python\Lib\asyncio\threads.py", line 25, in to_thread
    return await loop.run_in_executor(None, func_call)
           ^^^^^^^^^^^^^^^^^^^^^^^^^^^^^^^^^^^^^^^^^^^
  File "D:\Yogesh\Python\Lib\concurrent\futures\thread.py", line 59, in run
    result = self.fn(*self.args, **self.kwargs)
  File "D:\Yogesh\Testing\Office Work Projects\UI-Chat App\src\chatstack\models\hf_infer.py", line 45, in _call
    
    ...<5 lines>...
        try:
  File "D:\Yogesh\Testing\Office Work Projects\UI-Chat App\.venv\Lib\site-packages\huggingface_hub\inference\_client.py", line 2415, in text_generation
    raise_text_generation_error(e)
    ~~~~~~~~~~~~~~~~~~~~~~~~~~~^^^
  File "D:\Yogesh\Testing\Office Work Projects\UI-Chat App\.venv\Lib\site-packages\huggingface_hub\inference\_common.py", line 414, in raise_text_generation_error
    raise http_error
  File "D:\Yogesh\Testing\Office Work Projects\UI-Chat App\.venv\Lib\site-packages\huggingface_hub\inference\_client.py", line 2385, in text_generation
    bytes_output = self._inner_post(request_parameters, stream=stream or False)
  File "D:\Yogesh\Testing\Office Work Projects\UI-Chat App\.venv\Lib\site-packages\huggingface_hub\inference\_client.py", line 284, in _inner_post
    hf_raise_for_status(response)
    ~~~~~~~~~~~~~~~~~~~^^^^^^^^^^
  File "D:\Yogesh\Testing\Office Work Projects\UI-Chat App\.venv\Lib\site-packages\huggingface_hub\utils\_http.py", line 629, in hf_raise_for_status
    raise _format(HfHubHTTPError, str(e), response) from e
huggingface_hub.errors.HfHubHTTPError: Client error '404 Not Found' for url 'https://router.huggingface.co/hf-inference/models/microsoft/Phi-3-mini-128k-instruct' (Request ID: Root=1-690c33e6-0b4e40bc48ca24c42036e8e0;c439ade8-c713-445a-9194-546cd5da166a)
For more information check: https://developer.mozilla.org/en-US/docs/Web/HTTP/Status/404
[INFO] truststore: injected Windows certificate store for SSL
[ERROR] HF Inference error: Client error '404 Not Found' for url 'https://router.huggingface.co/hf-inference/models/microsoft/Phi-3-mini-128k-instruct' (Request ID: Root=1-690c345d-2b2b4bf655600c79096a447f;288f76bc-c566-46f5-b46a-036858f22b3f)
For more information check: https://developer.mozilla.org/en-US/docs/Web/HTTP/Status/404
Traceback (most recent call last):
  File "D:\Yogesh\Testing\Office Work Projects\UI-Chat App\.venv\Lib\site-packages\huggingface_hub\utils\_http.py", line 553, in hf_raise_for_status
    response.raise_for_status()
    ~~~~~~~~~~~~~~~~~~~~~~~~~^^
  File "D:\Yogesh\Testing\Office Work Projects\UI-Chat App\.venv\Lib\site-packages\httpx\_models.py", line 829, in raise_for_status
    raise HTTPStatusError(message, request=request, response=self)
httpx.HTTPStatusError: Client error '404 Not Found' for url 'https://router.huggingface.co/hf-inference/models/microsoft/Phi-3-mini-128k-instruct'
For more information check: https://developer.mozilla.org/en-US/docs/Web/HTTP/Status/404

The above exception was the direct cause of the following exception:

Traceback (most recent call last):
  File "D:\Yogesh\Testing\Office Work Projects\UI-Chat App\src\chatstack\models\hf_infer.py", line 54, in complete
    max_new_tokens=max_new_tokens,
     ^^^^^^^^^^^^^^^^^^^^^^^^^^^^^
  File "D:\Yogesh\Python\Lib\asyncio\threads.py", line 25, in to_thread
    return await loop.run_in_executor(None, func_call)
           ^^^^^^^^^^^^^^^^^^^^^^^^^^^^^^^^^^^^^^^^^^^
  File "D:\Yogesh\Python\Lib\concurrent\futures\thread.py", line 59, in run
    result = self.fn(*self.args, **self.kwargs)
  File "D:\Yogesh\Testing\Office Work Projects\UI-Chat App\src\chatstack\models\hf_infer.py", line 45, in _call
    
    ...<5 lines>...
        try:
  File "D:\Yogesh\Testing\Office Work Projects\UI-Chat App\.venv\Lib\site-packages\huggingface_hub\inference\_client.py", line 2415, in text_generation
    raise_text_generation_error(e)
    ~~~~~~~~~~~~~~~~~~~~~~~~~~~^^^
  File "D:\Yogesh\Testing\Office Work Projects\UI-Chat App\.venv\Lib\site-packages\huggingface_hub\inference\_common.py", line 414, in raise_text_generation_error
    raise http_error
  File "D:\Yogesh\Testing\Office Work Projects\UI-Chat App\.venv\Lib\site-packages\huggingface_hub\inference\_client.py", line 2385, in text_generation
    bytes_output = self._inner_post(request_parameters, stream=stream or False)
  File "D:\Yogesh\Testing\Office Work Projects\UI-Chat App\.venv\Lib\site-packages\huggingface_hub\inference\_client.py", line 284, in _inner_post
    hf_raise_for_status(response)
    ~~~~~~~~~~~~~~~~~~~^^^^^^^^^^
  File "D:\Yogesh\Testing\Office Work Projects\UI-Chat App\.venv\Lib\site-packages\huggingface_hub\utils\_http.py", line 629, in hf_raise_for_status
    raise _format(HfHubHTTPError, str(e), response) from e
huggingface_hub.errors.HfHubHTTPError: Client error '404 Not Found' for url 'https://router.huggingface.co/hf-inference/models/microsoft/Phi-3-mini-128k-instruct' (Request ID: Root=1-690c345d-2b2b4bf655600c79096a447f;288f76bc-c566-46f5-b46a-036858f22b3f)
For more information check: https://developer.mozilla.org/en-US/docs/Web/HTTP/Status/404
[ERROR] Unhandled error: Client error '404 Not Found' for url 'https://router.huggingface.co/hf-inference/models/microsoft/Phi-3-mini-128k-instruct' (Request ID: Root=1-690c345d-2b2b4bf655600c79096a447f;288f76bc-c566-46f5-b46a-036858f22b3f)
For more information check: https://developer.mozilla.org/en-US/docs/Web/HTTP/Status/404
Traceback (most recent call last):
  File "D:\Yogesh\Testing\Office Work Projects\UI-Chat App\.venv\Lib\site-packages\huggingface_hub\utils\_http.py", line 553, in hf_raise_for_status
    response.raise_for_status()
    ~~~~~~~~~~~~~~~~~~~~~~~~~^^
  File "D:\Yogesh\Testing\Office Work Projects\UI-Chat App\.venv\Lib\site-packages\httpx\_models.py", line 829, in raise_for_status
    raise HTTPStatusError(message, request=request, response=self)
httpx.HTTPStatusError: Client error '404 Not Found' for url 'https://router.huggingface.co/hf-inference/models/microsoft/Phi-3-mini-128k-instruct'
For more information check: https://developer.mozilla.org/en-US/docs/Web/HTTP/Status/404

The above exception was the direct cause of the following exception:

Traceback (most recent call last):
  File "D:\Yogesh\Testing\Office Work Projects\UI-Chat App\.venv\Lib\site-packages\starlette\middleware\errors.py", line 164, in __call__
    await self.app(scope, receive, _send)
  File "D:\Yogesh\Testing\Office Work Projects\UI-Chat App\.venv\Lib\site-packages\starlette\middleware\exceptions.py", line 63, in __call__
    await wrap_app_handling_exceptions(self.app, conn)(scope, receive, send)
  File "D:\Yogesh\Testing\Office Work Projects\UI-Chat App\.venv\Lib\site-packages\starlette\_exception_handler.py", line 53, in wrapped_app
    raise exc
  File "D:\Yogesh\Testing\Office Work Projects\UI-Chat App\.venv\Lib\site-packages\starlette\_exception_handler.py", line 42, in wrapped_app
    await app(scope, receive, sender)
  File "D:\Yogesh\Testing\Office Work Projects\UI-Chat App\.venv\Lib\site-packages\fastapi\middleware\asyncexitstack.py", line 18, in __call__
    await self.app(scope, receive, send)
  File "D:\Yogesh\Testing\Office Work Projects\UI-Chat App\.venv\Lib\site-packages\starlette\routing.py", line 716, in __call__
    await self.middleware_stack(scope, receive, send)
  File "D:\Yogesh\Testing\Office Work Projects\UI-Chat App\.venv\Lib\site-packages\starlette\routing.py", line 736, in app
    await route.handle(scope, receive, send)
  File "D:\Yogesh\Testing\Office Work Projects\UI-Chat App\.venv\Lib\site-packages\starlette\routing.py", line 290, in handle
    await self.app(scope, receive, send)
  File "D:\Yogesh\Testing\Office Work Projects\UI-Chat App\.venv\Lib\site-packages\fastapi\routing.py", line 125, in app
    await wrap_app_handling_exceptions(app, request)(scope, receive, send)
  File "D:\Yogesh\Testing\Office Work Projects\UI-Chat App\.venv\Lib\site-packages\starlette\_exception_handler.py", line 53, in wrapped_app
    raise exc
  File "D:\Yogesh\Testing\Office Work Projects\UI-Chat App\.venv\Lib\site-packages\starlette\_exception_handler.py", line 42, in wrapped_app
    await app(scope, receive, sender)
  File "D:\Yogesh\Testing\Office Work Projects\UI-Chat App\.venv\Lib\site-packages\fastapi\routing.py", line 111, in app
    response = await f(request)
               ^^^^^^^^^^^^^^^^
  File "D:\Yogesh\Testing\Office Work Projects\UI-Chat App\.venv\Lib\site-packages\fastapi\routing.py", line 391, in app
    raw_response = await run_endpoint_function(
                   ^^^^^^^^^^^^^^^^^^^^^^^^^^^^
    ...<3 lines>...
    )
    ^
  File "D:\Yogesh\Testing\Office Work Projects\UI-Chat App\.venv\Lib\site-packages\fastapi\routing.py", line 290, in run_endpoint_function
    return await dependant.call(**values)
           ^^^^^^^^^^^^^^^^^^^^^^^^^^^^^^
  File "D:\Yogesh\Testing\Office Work Projects\UI-Chat App\src\chatstack\api\server.py", line 58, in chat
    content = await backend.complete([m.model_dump() for m in req.messages], temperature=req.temperature)
              ^^^^^^^^^^^^^^^^^^^^^^^^^^^^^^^^^^^^^^^^^^^^^^^^^^^^^^^^^^^^^^^^^^^^^^^^^^^^^^^^^^^^^^^^^^^
  File "D:\Yogesh\Testing\Office Work Projects\UI-Chat App\src\chatstack\models\hf_infer.py", line 54, in complete
    max_new_tokens=max_new_tokens,
     ^^^^^^^^^^^^^^^^^^^^^^^^^^^^^
  File "D:\Yogesh\Python\Lib\asyncio\threads.py", line 25, in to_thread
    return await loop.run_in_executor(None, func_call)
           ^^^^^^^^^^^^^^^^^^^^^^^^^^^^^^^^^^^^^^^^^^^
  File "D:\Yogesh\Python\Lib\concurrent\futures\thread.py", line 59, in run
    result = self.fn(*self.args, **self.kwargs)
  File "D:\Yogesh\Testing\Office Work Projects\UI-Chat App\src\chatstack\models\hf_infer.py", line 45, in _call
    
    ...<5 lines>...
        try:
  File "D:\Yogesh\Testing\Office Work Projects\UI-Chat App\.venv\Lib\site-packages\huggingface_hub\inference\_client.py", line 2415, in text_generation
    raise_text_generation_error(e)
    ~~~~~~~~~~~~~~~~~~~~~~~~~~~^^^
  File "D:\Yogesh\Testing\Office Work Projects\UI-Chat App\.venv\Lib\site-packages\huggingface_hub\inference\_common.py", line 414, in raise_text_generation_error
    raise http_error
  File "D:\Yogesh\Testing\Office Work Projects\UI-Chat App\.venv\Lib\site-packages\huggingface_hub\inference\_client.py", line 2385, in text_generation
    bytes_output = self._inner_post(request_parameters, stream=stream or False)
  File "D:\Yogesh\Testing\Office Work Projects\UI-Chat App\.venv\Lib\site-packages\huggingface_hub\inference\_client.py", line 284, in _inner_post
    hf_raise_for_status(response)
    ~~~~~~~~~~~~~~~~~~~^^^^^^^^^^
  File "D:\Yogesh\Testing\Office Work Projects\UI-Chat App\.venv\Lib\site-packages\huggingface_hub\utils\_http.py", line 629, in hf_raise_for_status
    raise _format(HfHubHTTPError, str(e), response) from e
huggingface_hub.errors.HfHubHTTPError: Client error '404 Not Found' for url 'https://router.huggingface.co/hf-inference/models/microsoft/Phi-3-mini-128k-instruct' (Request ID: Root=1-690c345d-2b2b4bf655600c79096a447f;288f76bc-c566-46f5-b46a-036858f22b3f)
For more information check: https://developer.mozilla.org/en-US/docs/Web/HTTP/Status/404
[INFO] truststore: injected Windows certificate store for SSL
[ERROR] HF Inference error: Client error '404 Not Found' for url 'https://router.huggingface.co/hf-inference/models/microsoft/Phi-3-mini-128k-instruct' (Request ID: Root=1-690c34da-6b82913702fb287a04198db8;34ca00b6-bc95-4ee4-bd6b-610f7da41f2f)
For more information check: https://developer.mozilla.org/en-US/docs/Web/HTTP/Status/404
Traceback (most recent call last):
  File "D:\Yogesh\Testing\Office Work Projects\UI-Chat App\.venv\Lib\site-packages\huggingface_hub\utils\_http.py", line 553, in hf_raise_for_status
    response.raise_for_status()
    ~~~~~~~~~~~~~~~~~~~~~~~~~^^
  File "D:\Yogesh\Testing\Office Work Projects\UI-Chat App\.venv\Lib\site-packages\httpx\_models.py", line 829, in raise_for_status
    raise HTTPStatusError(message, request=request, response=self)
httpx.HTTPStatusError: Client error '404 Not Found' for url 'https://router.huggingface.co/hf-inference/models/microsoft/Phi-3-mini-128k-instruct'
For more information check: https://developer.mozilla.org/en-US/docs/Web/HTTP/Status/404

The above exception was the direct cause of the following exception:

Traceback (most recent call last):
  File "D:\Yogesh\Testing\Office Work Projects\UI-Chat App\src\chatstack\models\hf_infer.py", line 54, in complete
    max_new_tokens=max_new_tokens,
     ^^^^^^^^^^^^^^^^^^^^^^^^^^^^^
  File "D:\Yogesh\Python\Lib\asyncio\threads.py", line 25, in to_thread
    return await loop.run_in_executor(None, func_call)
           ^^^^^^^^^^^^^^^^^^^^^^^^^^^^^^^^^^^^^^^^^^^
  File "D:\Yogesh\Python\Lib\concurrent\futures\thread.py", line 59, in run
    result = self.fn(*self.args, **self.kwargs)
  File "D:\Yogesh\Testing\Office Work Projects\UI-Chat App\src\chatstack\models\hf_infer.py", line 45, in _call
    
    ...<5 lines>...
        try:
  File "D:\Yogesh\Testing\Office Work Projects\UI-Chat App\.venv\Lib\site-packages\huggingface_hub\inference\_client.py", line 2415, in text_generation
    raise_text_generation_error(e)
    ~~~~~~~~~~~~~~~~~~~~~~~~~~~^^^
  File "D:\Yogesh\Testing\Office Work Projects\UI-Chat App\.venv\Lib\site-packages\huggingface_hub\inference\_common.py", line 414, in raise_text_generation_error
    raise http_error
  File "D:\Yogesh\Testing\Office Work Projects\UI-Chat App\.venv\Lib\site-packages\huggingface_hub\inference\_client.py", line 2385, in text_generation
    bytes_output = self._inner_post(request_parameters, stream=stream or False)
  File "D:\Yogesh\Testing\Office Work Projects\UI-Chat App\.venv\Lib\site-packages\huggingface_hub\inference\_client.py", line 284, in _inner_post
    hf_raise_for_status(response)
    ~~~~~~~~~~~~~~~~~~~^^^^^^^^^^
  File "D:\Yogesh\Testing\Office Work Projects\UI-Chat App\.venv\Lib\site-packages\huggingface_hub\utils\_http.py", line 629, in hf_raise_for_status
    raise _format(HfHubHTTPError, str(e), response) from e
huggingface_hub.errors.HfHubHTTPError: Client error '404 Not Found' for url 'https://router.huggingface.co/hf-inference/models/microsoft/Phi-3-mini-128k-instruct' (Request ID: Root=1-690c34da-6b82913702fb287a04198db8;34ca00b6-bc95-4ee4-bd6b-610f7da41f2f)
For more information check: https://developer.mozilla.org/en-US/docs/Web/HTTP/Status/404
[ERROR] Unhandled error: Client error '404 Not Found' for url 'https://router.huggingface.co/hf-inference/models/microsoft/Phi-3-mini-128k-instruct' (Request ID: Root=1-690c34da-6b82913702fb287a04198db8;34ca00b6-bc95-4ee4-bd6b-610f7da41f2f)
For more information check: https://developer.mozilla.org/en-US/docs/Web/HTTP/Status/404
Traceback (most recent call last):
  File "D:\Yogesh\Testing\Office Work Projects\UI-Chat App\.venv\Lib\site-packages\huggingface_hub\utils\_http.py", line 553, in hf_raise_for_status
    response.raise_for_status()
    ~~~~~~~~~~~~~~~~~~~~~~~~~^^
  File "D:\Yogesh\Testing\Office Work Projects\UI-Chat App\.venv\Lib\site-packages\httpx\_models.py", line 829, in raise_for_status
    raise HTTPStatusError(message, request=request, response=self)
httpx.HTTPStatusError: Client error '404 Not Found' for url 'https://router.huggingface.co/hf-inference/models/microsoft/Phi-3-mini-128k-instruct'
For more information check: https://developer.mozilla.org/en-US/docs/Web/HTTP/Status/404

The above exception was the direct cause of the following exception:

Traceback (most recent call last):
  File "D:\Yogesh\Testing\Office Work Projects\UI-Chat App\.venv\Lib\site-packages\starlette\middleware\errors.py", line 164, in __call__
    await self.app(scope, receive, _send)
  File "D:\Yogesh\Testing\Office Work Projects\UI-Chat App\.venv\Lib\site-packages\starlette\middleware\exceptions.py", line 63, in __call__
    await wrap_app_handling_exceptions(self.app, conn)(scope, receive, send)
  File "D:\Yogesh\Testing\Office Work Projects\UI-Chat App\.venv\Lib\site-packages\starlette\_exception_handler.py", line 53, in wrapped_app
    raise exc
  File "D:\Yogesh\Testing\Office Work Projects\UI-Chat App\.venv\Lib\site-packages\starlette\_exception_handler.py", line 42, in wrapped_app
    await app(scope, receive, sender)
  File "D:\Yogesh\Testing\Office Work Projects\UI-Chat App\.venv\Lib\site-packages\fastapi\middleware\asyncexitstack.py", line 18, in __call__
    await self.app(scope, receive, send)
  File "D:\Yogesh\Testing\Office Work Projects\UI-Chat App\.venv\Lib\site-packages\starlette\routing.py", line 716, in __call__
    await self.middleware_stack(scope, receive, send)
  File "D:\Yogesh\Testing\Office Work Projects\UI-Chat App\.venv\Lib\site-packages\starlette\routing.py", line 736, in app
    await route.handle(scope, receive, send)
  File "D:\Yogesh\Testing\Office Work Projects\UI-Chat App\.venv\Lib\site-packages\starlette\routing.py", line 290, in handle
    await self.app(scope, receive, send)
  File "D:\Yogesh\Testing\Office Work Projects\UI-Chat App\.venv\Lib\site-packages\fastapi\routing.py", line 125, in app
    await wrap_app_handling_exceptions(app, request)(scope, receive, send)
  File "D:\Yogesh\Testing\Office Work Projects\UI-Chat App\.venv\Lib\site-packages\starlette\_exception_handler.py", line 53, in wrapped_app
    raise exc
  File "D:\Yogesh\Testing\Office Work Projects\UI-Chat App\.venv\Lib\site-packages\starlette\_exception_handler.py", line 42, in wrapped_app
    await app(scope, receive, sender)
  File "D:\Yogesh\Testing\Office Work Projects\UI-Chat App\.venv\Lib\site-packages\fastapi\routing.py", line 111, in app
    response = await f(request)
               ^^^^^^^^^^^^^^^^
  File "D:\Yogesh\Testing\Office Work Projects\UI-Chat App\.venv\Lib\site-packages\fastapi\routing.py", line 391, in app
    raw_response = await run_endpoint_function(
                   ^^^^^^^^^^^^^^^^^^^^^^^^^^^^
    ...<3 lines>...
    )
    ^
  File "D:\Yogesh\Testing\Office Work Projects\UI-Chat App\.venv\Lib\site-packages\fastapi\routing.py", line 290, in run_endpoint_function
    return await dependant.call(**values)
           ^^^^^^^^^^^^^^^^^^^^^^^^^^^^^^
  File "D:\Yogesh\Testing\Office Work Projects\UI-Chat App\src\chatstack\api\server.py", line 58, in chat
    content = await backend.complete([m.model_dump() for m in req.messages], temperature=req.temperature)
              ^^^^^^^^^^^^^^^^^^^^^^^^^^^^^^^^^^^^^^^^^^^^^^^^^^^^^^^^^^^^^^^^^^^^^^^^^^^^^^^^^^^^^^^^^^^
  File "D:\Yogesh\Testing\Office Work Projects\UI-Chat App\src\chatstack\models\hf_infer.py", line 54, in complete
    max_new_tokens=max_new_tokens,
     ^^^^^^^^^^^^^^^^^^^^^^^^^^^^^
  File "D:\Yogesh\Python\Lib\asyncio\threads.py", line 25, in to_thread
    return await loop.run_in_executor(None, func_call)
           ^^^^^^^^^^^^^^^^^^^^^^^^^^^^^^^^^^^^^^^^^^^
  File "D:\Yogesh\Python\Lib\concurrent\futures\thread.py", line 59, in run
    result = self.fn(*self.args, **self.kwargs)
  File "D:\Yogesh\Testing\Office Work Projects\UI-Chat App\src\chatstack\models\hf_infer.py", line 45, in _call
    
    ...<5 lines>...
        try:
  File "D:\Yogesh\Testing\Office Work Projects\UI-Chat App\.venv\Lib\site-packages\huggingface_hub\inference\_client.py", line 2415, in text_generation
    raise_text_generation_error(e)
    ~~~~~~~~~~~~~~~~~~~~~~~~~~~^^^
  File "D:\Yogesh\Testing\Office Work Projects\UI-Chat App\.venv\Lib\site-packages\huggingface_hub\inference\_common.py", line 414, in raise_text_generation_error
    raise http_error
  File "D:\Yogesh\Testing\Office Work Projects\UI-Chat App\.venv\Lib\site-packages\huggingface_hub\inference\_client.py", line 2385, in text_generation
    bytes_output = self._inner_post(request_parameters, stream=stream or False)
  File "D:\Yogesh\Testing\Office Work Projects\UI-Chat App\.venv\Lib\site-packages\huggingface_hub\inference\_client.py", line 284, in _inner_post
    hf_raise_for_status(response)
    ~~~~~~~~~~~~~~~~~~~^^^^^^^^^^
  File "D:\Yogesh\Testing\Office Work Projects\UI-Chat App\.venv\Lib\site-packages\huggingface_hub\utils\_http.py", line 629, in hf_raise_for_status
    raise _format(HfHubHTTPError, str(e), response) from e
huggingface_hub.errors.HfHubHTTPError: Client error '404 Not Found' for url 'https://router.huggingface.co/hf-inference/models/microsoft/Phi-3-mini-128k-instruct' (Request ID: Root=1-690c34da-6b82913702fb287a04198db8;34ca00b6-bc95-4ee4-bd6b-610f7da41f2f)
For more information check: https://developer.mozilla.org/en-US/docs/Web/HTTP/Status/404
[INFO] truststore: injected Windows certificate store for SSL
[ERROR] Unhandled error: Received both `model` and `base_url` arguments. Please provide only one of them. `base_url` is an alias for `model` to make the API compatible with OpenAI's client. If using `base_url` for chat completion, the `/chat/completions` suffix path will be appended to the base url. When passing a URL as `model`, the client will not append any suffix path to it.
Traceback (most recent call last):
  File "D:\Yogesh\Testing\Office Work Projects\UI-Chat App\.venv\Lib\site-packages\starlette\middleware\errors.py", line 164, in __call__
    await self.app(scope, receive, _send)
  File "D:\Yogesh\Testing\Office Work Projects\UI-Chat App\.venv\Lib\site-packages\starlette\middleware\exceptions.py", line 63, in __call__
    await wrap_app_handling_exceptions(self.app, conn)(scope, receive, send)
  File "D:\Yogesh\Testing\Office Work Projects\UI-Chat App\.venv\Lib\site-packages\starlette\_exception_handler.py", line 53, in wrapped_app
    raise exc
  File "D:\Yogesh\Testing\Office Work Projects\UI-Chat App\.venv\Lib\site-packages\starlette\_exception_handler.py", line 42, in wrapped_app
    await app(scope, receive, sender)
  File "D:\Yogesh\Testing\Office Work Projects\UI-Chat App\.venv\Lib\site-packages\fastapi\middleware\asyncexitstack.py", line 18, in __call__
    await self.app(scope, receive, send)
  File "D:\Yogesh\Testing\Office Work Projects\UI-Chat App\.venv\Lib\site-packages\starlette\routing.py", line 716, in __call__
    await self.middleware_stack(scope, receive, send)
  File "D:\Yogesh\Testing\Office Work Projects\UI-Chat App\.venv\Lib\site-packages\starlette\routing.py", line 736, in app
    await route.handle(scope, receive, send)
  File "D:\Yogesh\Testing\Office Work Projects\UI-Chat App\.venv\Lib\site-packages\starlette\routing.py", line 290, in handle
    await self.app(scope, receive, send)
  File "D:\Yogesh\Testing\Office Work Projects\UI-Chat App\.venv\Lib\site-packages\fastapi\routing.py", line 125, in app
    await wrap_app_handling_exceptions(app, request)(scope, receive, send)
  File "D:\Yogesh\Testing\Office Work Projects\UI-Chat App\.venv\Lib\site-packages\starlette\_exception_handler.py", line 53, in wrapped_app
    raise exc
  File "D:\Yogesh\Testing\Office Work Projects\UI-Chat App\.venv\Lib\site-packages\starlette\_exception_handler.py", line 42, in wrapped_app
    await app(scope, receive, sender)
  File "D:\Yogesh\Testing\Office Work Projects\UI-Chat App\.venv\Lib\site-packages\fastapi\routing.py", line 111, in app
    response = await f(request)
               ^^^^^^^^^^^^^^^^
  File "D:\Yogesh\Testing\Office Work Projects\UI-Chat App\.venv\Lib\site-packages\fastapi\routing.py", line 391, in app
    raw_response = await run_endpoint_function(
                   ^^^^^^^^^^^^^^^^^^^^^^^^^^^^
    ...<3 lines>...
    )
    ^
  File "D:\Yogesh\Testing\Office Work Projects\UI-Chat App\.venv\Lib\site-packages\fastapi\routing.py", line 290, in run_endpoint_function
    return await dependant.call(**values)
           ^^^^^^^^^^^^^^^^^^^^^^^^^^^^^^
  File "D:\Yogesh\Testing\Office Work Projects\UI-Chat App\src\chatstack\api\server.py", line 55, in chat
    backend = get_backend()
  File "D:\Yogesh\Testing\Office Work Projects\UI-Chat App\src\chatstack\api\server.py", line 29, in get_backend
    return HFBackend(
        settings.hf_api_base,
        settings.hf_api_key,
        settings.hf_model,
    )
  File "D:\Yogesh\Testing\Office Work Projects\UI-Chat App\src\chatstack\models\hf_infer.py", line 28, in __init__
    self.client = InferenceClient(
                  ~~~~~~~~~~~~~~~^
        model=self.model,
        ^^^^^^^^^^^^^^^^^
        token=self.api_key,
        ^^^^^^^^^^^^^^^^^^^
        base_url="https://api-inference.huggingface.co",
        ^^^^^^^^^^^^^^^^^^^^^^^^^^^^^^^^^^^^^^^^^^^^^^^^
    )
    ^
  File "D:\Yogesh\Testing\Office Work Projects\UI-Chat App\.venv\Lib\site-packages\huggingface_hub\utils\_validators.py", line 89, in _inner_fn
    return fn(*args, **kwargs)
  File "D:\Yogesh\Testing\Office Work Projects\UI-Chat App\.venv\Lib\site-packages\huggingface_hub\inference\_client.py", line 179, in __init__
    raise ValueError(
    ...<4 lines>...
    )
ValueError: Received both `model` and `base_url` arguments. Please provide only one of them. `base_url` is an alias for `model` to make the API compatible with OpenAI's client. If using `base_url` for chat completion, the `/chat/completions` suffix path will be appended to the base url. When passing a URL as `model`, the client will not append any suffix path to it.
[INFO] truststore: injected Windows certificate store for SSL
[ERROR] Unhandled error: Received both `model` and `base_url` arguments. Please provide only one of them. `base_url` is an alias for `model` to make the API compatible with OpenAI's client. If using `base_url` for chat completion, the `/chat/completions` suffix path will be appended to the base url. When passing a URL as `model`, the client will not append any suffix path to it.
Traceback (most recent call last):
  File "D:\Yogesh\Testing\Office Work Projects\UI-Chat App\.venv\Lib\site-packages\starlette\middleware\errors.py", line 164, in __call__
    await self.app(scope, receive, _send)
  File "D:\Yogesh\Testing\Office Work Projects\UI-Chat App\.venv\Lib\site-packages\starlette\middleware\exceptions.py", line 63, in __call__
    await wrap_app_handling_exceptions(self.app, conn)(scope, receive, send)
  File "D:\Yogesh\Testing\Office Work Projects\UI-Chat App\.venv\Lib\site-packages\starlette\_exception_handler.py", line 53, in wrapped_app
    raise exc
  File "D:\Yogesh\Testing\Office Work Projects\UI-Chat App\.venv\Lib\site-packages\starlette\_exception_handler.py", line 42, in wrapped_app
    await app(scope, receive, sender)
  File "D:\Yogesh\Testing\Office Work Projects\UI-Chat App\.venv\Lib\site-packages\fastapi\middleware\asyncexitstack.py", line 18, in __call__
    await self.app(scope, receive, send)
  File "D:\Yogesh\Testing\Office Work Projects\UI-Chat App\.venv\Lib\site-packages\starlette\routing.py", line 716, in __call__
    await self.middleware_stack(scope, receive, send)
  File "D:\Yogesh\Testing\Office Work Projects\UI-Chat App\.venv\Lib\site-packages\starlette\routing.py", line 736, in app
    await route.handle(scope, receive, send)
  File "D:\Yogesh\Testing\Office Work Projects\UI-Chat App\.venv\Lib\site-packages\starlette\routing.py", line 290, in handle
    await self.app(scope, receive, send)
  File "D:\Yogesh\Testing\Office Work Projects\UI-Chat App\.venv\Lib\site-packages\fastapi\routing.py", line 125, in app
    await wrap_app_handling_exceptions(app, request)(scope, receive, send)
  File "D:\Yogesh\Testing\Office Work Projects\UI-Chat App\.venv\Lib\site-packages\starlette\_exception_handler.py", line 53, in wrapped_app
    raise exc
  File "D:\Yogesh\Testing\Office Work Projects\UI-Chat App\.venv\Lib\site-packages\starlette\_exception_handler.py", line 42, in wrapped_app
    await app(scope, receive, sender)
  File "D:\Yogesh\Testing\Office Work Projects\UI-Chat App\.venv\Lib\site-packages\fastapi\routing.py", line 111, in app
    response = await f(request)
               ^^^^^^^^^^^^^^^^
  File "D:\Yogesh\Testing\Office Work Projects\UI-Chat App\.venv\Lib\site-packages\fastapi\routing.py", line 391, in app
    raw_response = await run_endpoint_function(
                   ^^^^^^^^^^^^^^^^^^^^^^^^^^^^
    ...<3 lines>...
    )
    ^
  File "D:\Yogesh\Testing\Office Work Projects\UI-Chat App\.venv\Lib\site-packages\fastapi\routing.py", line 290, in run_endpoint_function
    return await dependant.call(**values)
           ^^^^^^^^^^^^^^^^^^^^^^^^^^^^^^
  File "D:\Yogesh\Testing\Office Work Projects\UI-Chat App\src\chatstack\api\server.py", line 55, in chat
    backend = get_backend()
  File "D:\Yogesh\Testing\Office Work Projects\UI-Chat App\src\chatstack\api\server.py", line 29, in get_backend
    return HFBackend(
        settings.hf_api_base,
        settings.hf_api_key,
        settings.hf_model,
    )
  File "D:\Yogesh\Testing\Office Work Projects\UI-Chat App\src\chatstack\models\hf_infer.py", line 28, in __init__
    self.client = InferenceClient(
                  ~~~~~~~~~~~~~~~^
        model=self.model,
        ^^^^^^^^^^^^^^^^^
        token=self.api_key,
        ^^^^^^^^^^^^^^^^^^^
    )
    ^
    
    
  File "D:\Yogesh\Testing\Office Work Projects\UI-Chat App\.venv\Lib\site-packages\huggingface_hub\utils\_validators.py", line 89, in _inner_fn
    return fn(*args, **kwargs)
  File "D:\Yogesh\Testing\Office Work Projects\UI-Chat App\.venv\Lib\site-packages\huggingface_hub\inference\_client.py", line 179, in __init__
    raise ValueError(
    ...<4 lines>...
    )
ValueError: Received both `model` and `base_url` arguments. Please provide only one of them. `base_url` is an alias for `model` to make the API compatible with OpenAI's client. If using `base_url` for chat completion, the `/chat/completions` suffix path will be appended to the base url. When passing a URL as `model`, the client will not append any suffix path to it.
[INFO] truststore: injected Windows certificate store for SSL
[ERROR] HF Inference error: Client error '410 Gone' for url 'https://api-inference.huggingface.co/models/Qwen/Qwen2.5-7B-Instruct'
For more information check: https://developer.mozilla.org/en-US/docs/Web/HTTP/Status/410
Traceback (most recent call last):
  File "D:\Yogesh\Testing\Office Work Projects\UI-Chat App\src\chatstack\models\hf_infer.py", line 51, in _call
    return self.client.text_generation(
           ~~~~~~~~~~~~~~~~~~~~~~~~~~~^
        prompt,
        ^^^^^^^
    ...<3 lines>...
        return_full_text=False,
        ^^^^^^^^^^^^^^^^^^^^^^^
    )
    ^
  File "D:\Yogesh\Testing\Office Work Projects\UI-Chat App\.venv\Lib\site-packages\huggingface_hub\inference\_client.py", line 2374, in text_generation
    request_parameters = provider_helper.prepare_request(
        inputs=prompt,
    ...<4 lines>...
        api_key=self.token,
    )
  File "D:\Yogesh\Testing\Office Work Projects\UI-Chat App\.venv\Lib\site-packages\huggingface_hub\inference\_providers\_common.py", line 94, in prepare_request
    provider_mapping_info = self._prepare_mapping_info(model)
  File "D:\Yogesh\Testing\Office Work Projects\UI-Chat App\.venv\Lib\site-packages\huggingface_hub\inference\_providers\_common.py", line 172, in _prepare_mapping_info
    raise ValueError(
    ...<2 lines>...
    )
ValueError: Model Qwen/Qwen2.5-7B-Instruct is not supported for task text-generation and provider together. Supported task: conversational.

During handling of the above exception, another exception occurred:

Traceback (most recent call last):
  File "D:\Yogesh\Testing\Office Work Projects\UI-Chat App\src\chatstack\models\hf_infer.py", line 87, in complete
    result = await asyncio.to_thread(_call)
             ^^^^^^^^^^^^^^^^^^^^^^^^^^^^^^
  File "D:\Yogesh\Python\Lib\asyncio\threads.py", line 25, in to_thread
    return await loop.run_in_executor(None, func_call)
           ^^^^^^^^^^^^^^^^^^^^^^^^^^^^^^^^^^^^^^^^^^^
  File "D:\Yogesh\Python\Lib\concurrent\futures\thread.py", line 59, in run
    result = self.fn(*self.args, **self.kwargs)
  File "D:\Yogesh\Testing\Office Work Projects\UI-Chat App\src\chatstack\models\hf_infer.py", line 74, in _call
    r.raise_for_status()
    ~~~~~~~~~~~~~~~~~~^^
  File "D:\Yogesh\Testing\Office Work Projects\UI-Chat App\.venv\Lib\site-packages\httpx\_models.py", line 829, in raise_for_status
    raise HTTPStatusError(message, request=request, response=self)
httpx.HTTPStatusError: Client error '410 Gone' for url 'https://api-inference.huggingface.co/models/Qwen/Qwen2.5-7B-Instruct'
For more information check: https://developer.mozilla.org/en-US/docs/Web/HTTP/Status/410
[ERROR] Unhandled error: Client error '410 Gone' for url 'https://api-inference.huggingface.co/models/Qwen/Qwen2.5-7B-Instruct'
For more information check: https://developer.mozilla.org/en-US/docs/Web/HTTP/Status/410
Traceback (most recent call last):
  File "D:\Yogesh\Testing\Office Work Projects\UI-Chat App\src\chatstack\models\hf_infer.py", line 51, in _call
    return self.client.text_generation(
           ~~~~~~~~~~~~~~~~~~~~~~~~~~~^
        prompt,
        ^^^^^^^
    ...<3 lines>...
        return_full_text=False,
        ^^^^^^^^^^^^^^^^^^^^^^^
    )
    ^
  File "D:\Yogesh\Testing\Office Work Projects\UI-Chat App\.venv\Lib\site-packages\huggingface_hub\inference\_client.py", line 2374, in text_generation
    request_parameters = provider_helper.prepare_request(
        inputs=prompt,
    ...<4 lines>...
        api_key=self.token,
    )
  File "D:\Yogesh\Testing\Office Work Projects\UI-Chat App\.venv\Lib\site-packages\huggingface_hub\inference\_providers\_common.py", line 94, in prepare_request
    provider_mapping_info = self._prepare_mapping_info(model)
  File "D:\Yogesh\Testing\Office Work Projects\UI-Chat App\.venv\Lib\site-packages\huggingface_hub\inference\_providers\_common.py", line 172, in _prepare_mapping_info
    raise ValueError(
    ...<2 lines>...
    )
ValueError: Model Qwen/Qwen2.5-7B-Instruct is not supported for task text-generation and provider together. Supported task: conversational.

During handling of the above exception, another exception occurred:

Traceback (most recent call last):
  File "D:\Yogesh\Testing\Office Work Projects\UI-Chat App\.venv\Lib\site-packages\starlette\middleware\errors.py", line 164, in __call__
    await self.app(scope, receive, _send)
  File "D:\Yogesh\Testing\Office Work Projects\UI-Chat App\.venv\Lib\site-packages\starlette\middleware\exceptions.py", line 63, in __call__
    await wrap_app_handling_exceptions(self.app, conn)(scope, receive, send)
  File "D:\Yogesh\Testing\Office Work Projects\UI-Chat App\.venv\Lib\site-packages\starlette\_exception_handler.py", line 53, in wrapped_app
    raise exc
  File "D:\Yogesh\Testing\Office Work Projects\UI-Chat App\.venv\Lib\site-packages\starlette\_exception_handler.py", line 42, in wrapped_app
    await app(scope, receive, sender)
  File "D:\Yogesh\Testing\Office Work Projects\UI-Chat App\.venv\Lib\site-packages\fastapi\middleware\asyncexitstack.py", line 18, in __call__
    await self.app(scope, receive, send)
  File "D:\Yogesh\Testing\Office Work Projects\UI-Chat App\.venv\Lib\site-packages\starlette\routing.py", line 716, in __call__
    await self.middleware_stack(scope, receive, send)
  File "D:\Yogesh\Testing\Office Work Projects\UI-Chat App\.venv\Lib\site-packages\starlette\routing.py", line 736, in app
    await route.handle(scope, receive, send)
  File "D:\Yogesh\Testing\Office Work Projects\UI-Chat App\.venv\Lib\site-packages\starlette\routing.py", line 290, in handle
    await self.app(scope, receive, send)
  File "D:\Yogesh\Testing\Office Work Projects\UI-Chat App\.venv\Lib\site-packages\fastapi\routing.py", line 125, in app
    await wrap_app_handling_exceptions(app, request)(scope, receive, send)
  File "D:\Yogesh\Testing\Office Work Projects\UI-Chat App\.venv\Lib\site-packages\starlette\_exception_handler.py", line 53, in wrapped_app
    raise exc
  File "D:\Yogesh\Testing\Office Work Projects\UI-Chat App\.venv\Lib\site-packages\starlette\_exception_handler.py", line 42, in wrapped_app
    await app(scope, receive, sender)
  File "D:\Yogesh\Testing\Office Work Projects\UI-Chat App\.venv\Lib\site-packages\fastapi\routing.py", line 111, in app
    response = await f(request)
               ^^^^^^^^^^^^^^^^
  File "D:\Yogesh\Testing\Office Work Projects\UI-Chat App\.venv\Lib\site-packages\fastapi\routing.py", line 391, in app
    raw_response = await run_endpoint_function(
                   ^^^^^^^^^^^^^^^^^^^^^^^^^^^^
    ...<3 lines>...
    )
    ^
  File "D:\Yogesh\Testing\Office Work Projects\UI-Chat App\.venv\Lib\site-packages\fastapi\routing.py", line 290, in run_endpoint_function
    return await dependant.call(**values)
           ^^^^^^^^^^^^^^^^^^^^^^^^^^^^^^
  File "D:\Yogesh\Testing\Office Work Projects\UI-Chat App\src\chatstack\api\server.py", line 58, in chat
    content = await backend.complete([m.model_dump() for m in req.messages], temperature=req.temperature)
              ^^^^^^^^^^^^^^^^^^^^^^^^^^^^^^^^^^^^^^^^^^^^^^^^^^^^^^^^^^^^^^^^^^^^^^^^^^^^^^^^^^^^^^^^^^^
  File "D:\Yogesh\Testing\Office Work Projects\UI-Chat App\src\chatstack\models\hf_infer.py", line 87, in complete
    result = await asyncio.to_thread(_call)
             ^^^^^^^^^^^^^^^^^^^^^^^^^^^^^^
  File "D:\Yogesh\Python\Lib\asyncio\threads.py", line 25, in to_thread
    return await loop.run_in_executor(None, func_call)
           ^^^^^^^^^^^^^^^^^^^^^^^^^^^^^^^^^^^^^^^^^^^
  File "D:\Yogesh\Python\Lib\concurrent\futures\thread.py", line 59, in run
    result = self.fn(*self.args, **self.kwargs)
  File "D:\Yogesh\Testing\Office Work Projects\UI-Chat App\src\chatstack\models\hf_infer.py", line 74, in _call
    r.raise_for_status()
    ~~~~~~~~~~~~~~~~~~^^
  File "D:\Yogesh\Testing\Office Work Projects\UI-Chat App\.venv\Lib\site-packages\httpx\_models.py", line 829, in raise_for_status
    raise HTTPStatusError(message, request=request, response=self)
httpx.HTTPStatusError: Client error '410 Gone' for url 'https://api-inference.huggingface.co/models/Qwen/Qwen2.5-7B-Instruct'
For more information check: https://developer.mozilla.org/en-US/docs/Web/HTTP/Status/410
[INFO] truststore: injected Windows certificate store for SSL
[ERROR] HF Inference error: Client error '410 Gone' for url 'https://api-inference.huggingface.co/models/Qwen/Qwen2.5-7B-Instruct'
For more information check: https://developer.mozilla.org/en-US/docs/Web/HTTP/Status/410
Traceback (most recent call last):
  File "D:\Yogesh\Testing\Office Work Projects\UI-Chat App\src\chatstack\models\hf_infer.py", line 51, in _call
            temperature=temperature,
                   ^^^^^^^^^^^^^^^^^
    ...<5 lines>...
        result = await asyncio.to_thread(_call)
        ^^^^^
  File "D:\Yogesh\Testing\Office Work Projects\UI-Chat App\.venv\Lib\site-packages\huggingface_hub\inference\_client.py", line 2374, in text_generation
    request_parameters = provider_helper.prepare_request(
        inputs=prompt,
    ...<4 lines>...
        api_key=self.token,
    )
  File "D:\Yogesh\Testing\Office Work Projects\UI-Chat App\.venv\Lib\site-packages\huggingface_hub\inference\_providers\_common.py", line 94, in prepare_request
    provider_mapping_info = self._prepare_mapping_info(model)
  File "D:\Yogesh\Testing\Office Work Projects\UI-Chat App\.venv\Lib\site-packages\huggingface_hub\inference\_providers\_common.py", line 172, in _prepare_mapping_info
    raise ValueError(
    ...<2 lines>...
    )
ValueError: Model Qwen/Qwen2.5-7B-Instruct is not supported for task text-generation and provider together. Supported task: conversational.

During handling of the above exception, another exception occurred:

Traceback (most recent call last):
  File "D:\Yogesh\Testing\Office Work Projects\UI-Chat App\src\chatstack\models\hf_infer.py", line 87, in complete
  File "D:\Yogesh\Python\Lib\asyncio\threads.py", line 25, in to_thread
    return await loop.run_in_executor(None, func_call)
           ^^^^^^^^^^^^^^^^^^^^^^^^^^^^^^^^^^^^^^^^^^^
  File "D:\Yogesh\Python\Lib\concurrent\futures\thread.py", line 59, in run
    result = self.fn(*self.args, **self.kwargs)
  File "D:\Yogesh\Testing\Office Work Projects\UI-Chat App\src\chatstack\models\hf_infer.py", line 74, in _call
  File "D:\Yogesh\Testing\Office Work Projects\UI-Chat App\.venv\Lib\site-packages\httpx\_models.py", line 829, in raise_for_status
    raise HTTPStatusError(message, request=request, response=self)
httpx.HTTPStatusError: Client error '410 Gone' for url 'https://api-inference.huggingface.co/models/Qwen/Qwen2.5-7B-Instruct'
For more information check: https://developer.mozilla.org/en-US/docs/Web/HTTP/Status/410
[ERROR] Unhandled error: Client error '410 Gone' for url 'https://api-inference.huggingface.co/models/Qwen/Qwen2.5-7B-Instruct'
For more information check: https://developer.mozilla.org/en-US/docs/Web/HTTP/Status/410
Traceback (most recent call last):
  File "D:\Yogesh\Testing\Office Work Projects\UI-Chat App\src\chatstack\models\hf_infer.py", line 51, in _call
            temperature=temperature,
                   ^^^^^^^^^^^^^^^^^
    ...<5 lines>...
        result = await asyncio.to_thread(_call)
        ^^^^^
  File "D:\Yogesh\Testing\Office Work Projects\UI-Chat App\.venv\Lib\site-packages\huggingface_hub\inference\_client.py", line 2374, in text_generation
    request_parameters = provider_helper.prepare_request(
        inputs=prompt,
    ...<4 lines>...
        api_key=self.token,
    )
  File "D:\Yogesh\Testing\Office Work Projects\UI-Chat App\.venv\Lib\site-packages\huggingface_hub\inference\_providers\_common.py", line 94, in prepare_request
    provider_mapping_info = self._prepare_mapping_info(model)
  File "D:\Yogesh\Testing\Office Work Projects\UI-Chat App\.venv\Lib\site-packages\huggingface_hub\inference\_providers\_common.py", line 172, in _prepare_mapping_info
    raise ValueError(
    ...<2 lines>...
    )
ValueError: Model Qwen/Qwen2.5-7B-Instruct is not supported for task text-generation and provider together. Supported task: conversational.

During handling of the above exception, another exception occurred:

Traceback (most recent call last):
  File "D:\Yogesh\Testing\Office Work Projects\UI-Chat App\.venv\Lib\site-packages\starlette\middleware\errors.py", line 164, in __call__
    await self.app(scope, receive, _send)
  File "D:\Yogesh\Testing\Office Work Projects\UI-Chat App\.venv\Lib\site-packages\starlette\middleware\exceptions.py", line 63, in __call__
    await wrap_app_handling_exceptions(self.app, conn)(scope, receive, send)
  File "D:\Yogesh\Testing\Office Work Projects\UI-Chat App\.venv\Lib\site-packages\starlette\_exception_handler.py", line 53, in wrapped_app
    raise exc
  File "D:\Yogesh\Testing\Office Work Projects\UI-Chat App\.venv\Lib\site-packages\starlette\_exception_handler.py", line 42, in wrapped_app
    await app(scope, receive, sender)
  File "D:\Yogesh\Testing\Office Work Projects\UI-Chat App\.venv\Lib\site-packages\fastapi\middleware\asyncexitstack.py", line 18, in __call__
    await self.app(scope, receive, send)
  File "D:\Yogesh\Testing\Office Work Projects\UI-Chat App\.venv\Lib\site-packages\starlette\routing.py", line 716, in __call__
    await self.middleware_stack(scope, receive, send)
  File "D:\Yogesh\Testing\Office Work Projects\UI-Chat App\.venv\Lib\site-packages\starlette\routing.py", line 736, in app
    await route.handle(scope, receive, send)
  File "D:\Yogesh\Testing\Office Work Projects\UI-Chat App\.venv\Lib\site-packages\starlette\routing.py", line 290, in handle
    await self.app(scope, receive, send)
  File "D:\Yogesh\Testing\Office Work Projects\UI-Chat App\.venv\Lib\site-packages\fastapi\routing.py", line 125, in app
    await wrap_app_handling_exceptions(app, request)(scope, receive, send)
  File "D:\Yogesh\Testing\Office Work Projects\UI-Chat App\.venv\Lib\site-packages\starlette\_exception_handler.py", line 53, in wrapped_app
    raise exc
  File "D:\Yogesh\Testing\Office Work Projects\UI-Chat App\.venv\Lib\site-packages\starlette\_exception_handler.py", line 42, in wrapped_app
    await app(scope, receive, sender)
  File "D:\Yogesh\Testing\Office Work Projects\UI-Chat App\.venv\Lib\site-packages\fastapi\routing.py", line 111, in app
    response = await f(request)
               ^^^^^^^^^^^^^^^^
  File "D:\Yogesh\Testing\Office Work Projects\UI-Chat App\.venv\Lib\site-packages\fastapi\routing.py", line 391, in app
    raw_response = await run_endpoint_function(
                   ^^^^^^^^^^^^^^^^^^^^^^^^^^^^
    ...<3 lines>...
    )
    ^
  File "D:\Yogesh\Testing\Office Work Projects\UI-Chat App\.venv\Lib\site-packages\fastapi\routing.py", line 290, in run_endpoint_function
    return await dependant.call(**values)
           ^^^^^^^^^^^^^^^^^^^^^^^^^^^^^^
  File "D:\Yogesh\Testing\Office Work Projects\UI-Chat App\src\chatstack\api\server.py", line 58, in chat
    content = await backend.complete([m.model_dump() for m in req.messages], temperature=req.temperature)
              ^^^^^^^^^^^^^^^^^^^^^^^^^^^^^^^^^^^^^^^^^^^^^^^^^^^^^^^^^^^^^^^^^^^^^^^^^^^^^^^^^^^^^^^^^^^
  File "D:\Yogesh\Testing\Office Work Projects\UI-Chat App\src\chatstack\models\hf_infer.py", line 87, in complete
  File "D:\Yogesh\Python\Lib\asyncio\threads.py", line 25, in to_thread
    return await loop.run_in_executor(None, func_call)
           ^^^^^^^^^^^^^^^^^^^^^^^^^^^^^^^^^^^^^^^^^^^
  File "D:\Yogesh\Python\Lib\concurrent\futures\thread.py", line 59, in run
    result = self.fn(*self.args, **self.kwargs)
  File "D:\Yogesh\Testing\Office Work Projects\UI-Chat App\src\chatstack\models\hf_infer.py", line 74, in _call
  File "D:\Yogesh\Testing\Office Work Projects\UI-Chat App\.venv\Lib\site-packages\httpx\_models.py", line 829, in raise_for_status
    raise HTTPStatusError(message, request=request, response=self)
httpx.HTTPStatusError: Client error '410 Gone' for url 'https://api-inference.huggingface.co/models/Qwen/Qwen2.5-7B-Instruct'
For more information check: https://developer.mozilla.org/en-US/docs/Web/HTTP/Status/410
[INFO] truststore: injected Windows certificate store for SSL
[INFO] truststore: injected Windows certificate store for SSL
[INFO] truststore: injected Windows certificate store for SSL
[ERROR] HF Inference error: Client error '404 Not Found' for url 'https://router.huggingface.co/hf-inference/models/Qwen/Qwen2.5-7B-Instruct' (Request ID: Root=1-690c3df3-5971df2f237659076c7acc95;e87fa197-44b1-4c03-86e1-6067f2a53629)
For more information check: https://developer.mozilla.org/en-US/docs/Web/HTTP/Status/404
Traceback (most recent call last):
  File "D:\Yogesh\Testing\Office Work Projects\UI-Chat App\.venv\Lib\site-packages\huggingface_hub\utils\_http.py", line 553, in hf_raise_for_status
    response.raise_for_status()
    ~~~~~~~~~~~~~~~~~~~~~~~~~^^
  File "D:\Yogesh\Testing\Office Work Projects\UI-Chat App\.venv\Lib\site-packages\httpx\_models.py", line 829, in raise_for_status
    raise HTTPStatusError(message, request=request, response=self)
httpx.HTTPStatusError: Client error '404 Not Found' for url 'https://router.huggingface.co/hf-inference/models/Qwen/Qwen2.5-7B-Instruct'
For more information check: https://developer.mozilla.org/en-US/docs/Web/HTTP/Status/404

The above exception was the direct cause of the following exception:

Traceback (most recent call last):
  File "D:\Yogesh\Testing\Office Work Projects\UI-Chat App\src\chatstack\models\hf_infer.py", line 58, in complete
    result = await asyncio.to_thread(_call)
             ^^^^^^^^^^^^^^^^^^^^^^^^^^^^^^
  File "D:\Yogesh\Python\Lib\asyncio\threads.py", line 25, in to_thread
    return await loop.run_in_executor(None, func_call)
           ^^^^^^^^^^^^^^^^^^^^^^^^^^^^^^^^^^^^^^^^^^^
  File "D:\Yogesh\Python\Lib\concurrent\futures\thread.py", line 59, in run
    result = self.fn(*self.args, **self.kwargs)
  File "D:\Yogesh\Testing\Office Work Projects\UI-Chat App\src\chatstack\models\hf_infer.py", line 49, in _call
    return self.client.text_generation(
           ~~~~~~~~~~~~~~~~~~~~~~~~~~~^
        prompt,
        ^^^^^^^
    ...<3 lines>...
        return_full_text=False,
        ^^^^^^^^^^^^^^^^^^^^^^^
    )
    ^
  File "D:\Yogesh\Testing\Office Work Projects\UI-Chat App\.venv\Lib\site-packages\huggingface_hub\inference\_client.py", line 2415, in text_generation
    raise_text_generation_error(e)
    ~~~~~~~~~~~~~~~~~~~~~~~~~~~^^^
  File "D:\Yogesh\Testing\Office Work Projects\UI-Chat App\.venv\Lib\site-packages\huggingface_hub\inference\_common.py", line 414, in raise_text_generation_error
    raise http_error
  File "D:\Yogesh\Testing\Office Work Projects\UI-Chat App\.venv\Lib\site-packages\huggingface_hub\inference\_client.py", line 2385, in text_generation
    bytes_output = self._inner_post(request_parameters, stream=stream or False)
  File "D:\Yogesh\Testing\Office Work Projects\UI-Chat App\.venv\Lib\site-packages\huggingface_hub\inference\_client.py", line 284, in _inner_post
    hf_raise_for_status(response)
    ~~~~~~~~~~~~~~~~~~~^^^^^^^^^^
  File "D:\Yogesh\Testing\Office Work Projects\UI-Chat App\.venv\Lib\site-packages\huggingface_hub\utils\_http.py", line 629, in hf_raise_for_status
    raise _format(HfHubHTTPError, str(e), response) from e
huggingface_hub.errors.HfHubHTTPError: Client error '404 Not Found' for url 'https://router.huggingface.co/hf-inference/models/Qwen/Qwen2.5-7B-Instruct' (Request ID: Root=1-690c3df3-5971df2f237659076c7acc95;e87fa197-44b1-4c03-86e1-6067f2a53629)
For more information check: https://developer.mozilla.org/en-US/docs/Web/HTTP/Status/404
[ERROR] Unhandled error: Client error '404 Not Found' for url 'https://router.huggingface.co/hf-inference/models/Qwen/Qwen2.5-7B-Instruct' (Request ID: Root=1-690c3df3-5971df2f237659076c7acc95;e87fa197-44b1-4c03-86e1-6067f2a53629)
For more information check: https://developer.mozilla.org/en-US/docs/Web/HTTP/Status/404
Traceback (most recent call last):
  File "D:\Yogesh\Testing\Office Work Projects\UI-Chat App\.venv\Lib\site-packages\huggingface_hub\utils\_http.py", line 553, in hf_raise_for_status
    response.raise_for_status()
    ~~~~~~~~~~~~~~~~~~~~~~~~~^^
  File "D:\Yogesh\Testing\Office Work Projects\UI-Chat App\.venv\Lib\site-packages\httpx\_models.py", line 829, in raise_for_status
    raise HTTPStatusError(message, request=request, response=self)
httpx.HTTPStatusError: Client error '404 Not Found' for url 'https://router.huggingface.co/hf-inference/models/Qwen/Qwen2.5-7B-Instruct'
For more information check: https://developer.mozilla.org/en-US/docs/Web/HTTP/Status/404

The above exception was the direct cause of the following exception:

Traceback (most recent call last):
  File "D:\Yogesh\Testing\Office Work Projects\UI-Chat App\.venv\Lib\site-packages\starlette\middleware\errors.py", line 164, in __call__
    await self.app(scope, receive, _send)
  File "D:\Yogesh\Testing\Office Work Projects\UI-Chat App\.venv\Lib\site-packages\starlette\middleware\exceptions.py", line 63, in __call__
    await wrap_app_handling_exceptions(self.app, conn)(scope, receive, send)
  File "D:\Yogesh\Testing\Office Work Projects\UI-Chat App\.venv\Lib\site-packages\starlette\_exception_handler.py", line 53, in wrapped_app
    raise exc
  File "D:\Yogesh\Testing\Office Work Projects\UI-Chat App\.venv\Lib\site-packages\starlette\_exception_handler.py", line 42, in wrapped_app
    await app(scope, receive, sender)
  File "D:\Yogesh\Testing\Office Work Projects\UI-Chat App\.venv\Lib\site-packages\fastapi\middleware\asyncexitstack.py", line 18, in __call__
    await self.app(scope, receive, send)
  File "D:\Yogesh\Testing\Office Work Projects\UI-Chat App\.venv\Lib\site-packages\starlette\routing.py", line 716, in __call__
    await self.middleware_stack(scope, receive, send)
  File "D:\Yogesh\Testing\Office Work Projects\UI-Chat App\.venv\Lib\site-packages\starlette\routing.py", line 736, in app
    await route.handle(scope, receive, send)
  File "D:\Yogesh\Testing\Office Work Projects\UI-Chat App\.venv\Lib\site-packages\starlette\routing.py", line 290, in handle
    await self.app(scope, receive, send)
  File "D:\Yogesh\Testing\Office Work Projects\UI-Chat App\.venv\Lib\site-packages\fastapi\routing.py", line 125, in app
    await wrap_app_handling_exceptions(app, request)(scope, receive, send)
  File "D:\Yogesh\Testing\Office Work Projects\UI-Chat App\.venv\Lib\site-packages\starlette\_exception_handler.py", line 53, in wrapped_app
    raise exc
  File "D:\Yogesh\Testing\Office Work Projects\UI-Chat App\.venv\Lib\site-packages\starlette\_exception_handler.py", line 42, in wrapped_app
    await app(scope, receive, sender)
  File "D:\Yogesh\Testing\Office Work Projects\UI-Chat App\.venv\Lib\site-packages\fastapi\routing.py", line 111, in app
    response = await f(request)
               ^^^^^^^^^^^^^^^^
  File "D:\Yogesh\Testing\Office Work Projects\UI-Chat App\.venv\Lib\site-packages\fastapi\routing.py", line 391, in app
    raw_response = await run_endpoint_function(
                   ^^^^^^^^^^^^^^^^^^^^^^^^^^^^
    ...<3 lines>...
    )
    ^
  File "D:\Yogesh\Testing\Office Work Projects\UI-Chat App\.venv\Lib\site-packages\fastapi\routing.py", line 290, in run_endpoint_function
    return await dependant.call(**values)
           ^^^^^^^^^^^^^^^^^^^^^^^^^^^^^^
  File "D:\Yogesh\Testing\Office Work Projects\UI-Chat App\src\chatstack\api\server.py", line 58, in chat
    content = await backend.complete([m.model_dump() for m in req.messages], temperature=req.temperature)
              ^^^^^^^^^^^^^^^^^^^^^^^^^^^^^^^^^^^^^^^^^^^^^^^^^^^^^^^^^^^^^^^^^^^^^^^^^^^^^^^^^^^^^^^^^^^
  File "D:\Yogesh\Testing\Office Work Projects\UI-Chat App\src\chatstack\models\hf_infer.py", line 58, in complete
    result = await asyncio.to_thread(_call)
             ^^^^^^^^^^^^^^^^^^^^^^^^^^^^^^
  File "D:\Yogesh\Python\Lib\asyncio\threads.py", line 25, in to_thread
    return await loop.run_in_executor(None, func_call)
           ^^^^^^^^^^^^^^^^^^^^^^^^^^^^^^^^^^^^^^^^^^^
  File "D:\Yogesh\Python\Lib\concurrent\futures\thread.py", line 59, in run
    result = self.fn(*self.args, **self.kwargs)
  File "D:\Yogesh\Testing\Office Work Projects\UI-Chat App\src\chatstack\models\hf_infer.py", line 49, in _call
    return self.client.text_generation(
           ~~~~~~~~~~~~~~~~~~~~~~~~~~~^
        prompt,
        ^^^^^^^
    ...<3 lines>...
        return_full_text=False,
        ^^^^^^^^^^^^^^^^^^^^^^^
    )
    ^
  File "D:\Yogesh\Testing\Office Work Projects\UI-Chat App\.venv\Lib\site-packages\huggingface_hub\inference\_client.py", line 2415, in text_generation
    raise_text_generation_error(e)
    ~~~~~~~~~~~~~~~~~~~~~~~~~~~^^^
  File "D:\Yogesh\Testing\Office Work Projects\UI-Chat App\.venv\Lib\site-packages\huggingface_hub\inference\_common.py", line 414, in raise_text_generation_error
    raise http_error
  File "D:\Yogesh\Testing\Office Work Projects\UI-Chat App\.venv\Lib\site-packages\huggingface_hub\inference\_client.py", line 2385, in text_generation
    bytes_output = self._inner_post(request_parameters, stream=stream or False)
  File "D:\Yogesh\Testing\Office Work Projects\UI-Chat App\.venv\Lib\site-packages\huggingface_hub\inference\_client.py", line 284, in _inner_post
    hf_raise_for_status(response)
    ~~~~~~~~~~~~~~~~~~~^^^^^^^^^^
  File "D:\Yogesh\Testing\Office Work Projects\UI-Chat App\.venv\Lib\site-packages\huggingface_hub\utils\_http.py", line 629, in hf_raise_for_status
    raise _format(HfHubHTTPError, str(e), response) from e
huggingface_hub.errors.HfHubHTTPError: Client error '404 Not Found' for url 'https://router.huggingface.co/hf-inference/models/Qwen/Qwen2.5-7B-Instruct' (Request ID: Root=1-690c3df3-5971df2f237659076c7acc95;e87fa197-44b1-4c03-86e1-6067f2a53629)
For more information check: https://developer.mozilla.org/en-US/docs/Web/HTTP/Status/404
[INFO] truststore: injected Windows certificate store for SSL
[INFO] truststore: injected Windows certificate store for SSL
[ERROR] HF Inference error: Client error '404 Not Found' for url 'https://router.huggingface.co/hf-inference/models/HuggingFaceH4/zephyr-7b-beta' (Request ID: Root=1-690c4269-4a0245bc368660fe2e3416a9;a2a8131e-33f4-4ae4-a2c9-3c55509a8105)
For more information check: https://developer.mozilla.org/en-US/docs/Web/HTTP/Status/404
Traceback (most recent call last):
  File "D:\Yogesh\Testing\Office Work Projects\UI-Chat App\.venv\Lib\site-packages\huggingface_hub\utils\_http.py", line 553, in hf_raise_for_status
    response.raise_for_status()
    ~~~~~~~~~~~~~~~~~~~~~~~~~^^
  File "D:\Yogesh\Testing\Office Work Projects\UI-Chat App\.venv\Lib\site-packages\httpx\_models.py", line 829, in raise_for_status
    raise HTTPStatusError(message, request=request, response=self)
httpx.HTTPStatusError: Client error '404 Not Found' for url 'https://router.huggingface.co/hf-inference/models/HuggingFaceH4/zephyr-7b-beta'
For more information check: https://developer.mozilla.org/en-US/docs/Web/HTTP/Status/404

The above exception was the direct cause of the following exception:

Traceback (most recent call last):
  File "D:\Yogesh\Testing\Office Work Projects\UI-Chat App\src\chatstack\models\hf_infer.py", line 58, in complete
    result = await asyncio.to_thread(_call)
             ^^^^^^^^^^^^^^^^^^^^^^^^^^^^^^
  File "D:\Yogesh\Python\Lib\asyncio\threads.py", line 25, in to_thread
    return await loop.run_in_executor(None, func_call)
           ^^^^^^^^^^^^^^^^^^^^^^^^^^^^^^^^^^^^^^^^^^^
  File "D:\Yogesh\Python\Lib\concurrent\futures\thread.py", line 59, in run
    result = self.fn(*self.args, **self.kwargs)
  File "D:\Yogesh\Testing\Office Work Projects\UI-Chat App\src\chatstack\models\hf_infer.py", line 49, in _call
    return self.client.text_generation(
           ~~~~~~~~~~~~~~~~~~~~~~~~~~~^
        prompt,
        ^^^^^^^
    ...<3 lines>...
        return_full_text=False,
        ^^^^^^^^^^^^^^^^^^^^^^^
    )
    ^
  File "D:\Yogesh\Testing\Office Work Projects\UI-Chat App\.venv\Lib\site-packages\huggingface_hub\inference\_client.py", line 2415, in text_generation
    raise_text_generation_error(e)
    ~~~~~~~~~~~~~~~~~~~~~~~~~~~^^^
  File "D:\Yogesh\Testing\Office Work Projects\UI-Chat App\.venv\Lib\site-packages\huggingface_hub\inference\_common.py", line 414, in raise_text_generation_error
    raise http_error
  File "D:\Yogesh\Testing\Office Work Projects\UI-Chat App\.venv\Lib\site-packages\huggingface_hub\inference\_client.py", line 2385, in text_generation
    bytes_output = self._inner_post(request_parameters, stream=stream or False)
  File "D:\Yogesh\Testing\Office Work Projects\UI-Chat App\.venv\Lib\site-packages\huggingface_hub\inference\_client.py", line 284, in _inner_post
    hf_raise_for_status(response)
    ~~~~~~~~~~~~~~~~~~~^^^^^^^^^^
  File "D:\Yogesh\Testing\Office Work Projects\UI-Chat App\.venv\Lib\site-packages\huggingface_hub\utils\_http.py", line 629, in hf_raise_for_status
    raise _format(HfHubHTTPError, str(e), response) from e
huggingface_hub.errors.HfHubHTTPError: Client error '404 Not Found' for url 'https://router.huggingface.co/hf-inference/models/HuggingFaceH4/zephyr-7b-beta' (Request ID: Root=1-690c4269-4a0245bc368660fe2e3416a9;a2a8131e-33f4-4ae4-a2c9-3c55509a8105)
For more information check: https://developer.mozilla.org/en-US/docs/Web/HTTP/Status/404
[ERROR] Unhandled error: Client error '404 Not Found' for url 'https://router.huggingface.co/hf-inference/models/HuggingFaceH4/zephyr-7b-beta' (Request ID: Root=1-690c4269-4a0245bc368660fe2e3416a9;a2a8131e-33f4-4ae4-a2c9-3c55509a8105)
For more information check: https://developer.mozilla.org/en-US/docs/Web/HTTP/Status/404
Traceback (most recent call last):
  File "D:\Yogesh\Testing\Office Work Projects\UI-Chat App\.venv\Lib\site-packages\huggingface_hub\utils\_http.py", line 553, in hf_raise_for_status
    response.raise_for_status()
    ~~~~~~~~~~~~~~~~~~~~~~~~~^^
  File "D:\Yogesh\Testing\Office Work Projects\UI-Chat App\.venv\Lib\site-packages\httpx\_models.py", line 829, in raise_for_status
    raise HTTPStatusError(message, request=request, response=self)
httpx.HTTPStatusError: Client error '404 Not Found' for url 'https://router.huggingface.co/hf-inference/models/HuggingFaceH4/zephyr-7b-beta'
For more information check: https://developer.mozilla.org/en-US/docs/Web/HTTP/Status/404

The above exception was the direct cause of the following exception:

Traceback (most recent call last):
  File "D:\Yogesh\Testing\Office Work Projects\UI-Chat App\.venv\Lib\site-packages\starlette\middleware\errors.py", line 164, in __call__
    await self.app(scope, receive, _send)
  File "D:\Yogesh\Testing\Office Work Projects\UI-Chat App\.venv\Lib\site-packages\starlette\middleware\exceptions.py", line 63, in __call__
    await wrap_app_handling_exceptions(self.app, conn)(scope, receive, send)
  File "D:\Yogesh\Testing\Office Work Projects\UI-Chat App\.venv\Lib\site-packages\starlette\_exception_handler.py", line 53, in wrapped_app
    raise exc
  File "D:\Yogesh\Testing\Office Work Projects\UI-Chat App\.venv\Lib\site-packages\starlette\_exception_handler.py", line 42, in wrapped_app
    await app(scope, receive, sender)
  File "D:\Yogesh\Testing\Office Work Projects\UI-Chat App\.venv\Lib\site-packages\fastapi\middleware\asyncexitstack.py", line 18, in __call__
    await self.app(scope, receive, send)
  File "D:\Yogesh\Testing\Office Work Projects\UI-Chat App\.venv\Lib\site-packages\starlette\routing.py", line 716, in __call__
    await self.middleware_stack(scope, receive, send)
  File "D:\Yogesh\Testing\Office Work Projects\UI-Chat App\.venv\Lib\site-packages\starlette\routing.py", line 736, in app
    await route.handle(scope, receive, send)
  File "D:\Yogesh\Testing\Office Work Projects\UI-Chat App\.venv\Lib\site-packages\starlette\routing.py", line 290, in handle
    await self.app(scope, receive, send)
  File "D:\Yogesh\Testing\Office Work Projects\UI-Chat App\.venv\Lib\site-packages\fastapi\routing.py", line 125, in app
    await wrap_app_handling_exceptions(app, request)(scope, receive, send)
  File "D:\Yogesh\Testing\Office Work Projects\UI-Chat App\.venv\Lib\site-packages\starlette\_exception_handler.py", line 53, in wrapped_app
    raise exc
  File "D:\Yogesh\Testing\Office Work Projects\UI-Chat App\.venv\Lib\site-packages\starlette\_exception_handler.py", line 42, in wrapped_app
    await app(scope, receive, sender)
  File "D:\Yogesh\Testing\Office Work Projects\UI-Chat App\.venv\Lib\site-packages\fastapi\routing.py", line 111, in app
    response = await f(request)
               ^^^^^^^^^^^^^^^^
  File "D:\Yogesh\Testing\Office Work Projects\UI-Chat App\.venv\Lib\site-packages\fastapi\routing.py", line 391, in app
    raw_response = await run_endpoint_function(
                   ^^^^^^^^^^^^^^^^^^^^^^^^^^^^
    ...<3 lines>...
    )
    ^
  File "D:\Yogesh\Testing\Office Work Projects\UI-Chat App\.venv\Lib\site-packages\fastapi\routing.py", line 290, in run_endpoint_function
    return await dependant.call(**values)
           ^^^^^^^^^^^^^^^^^^^^^^^^^^^^^^
  File "D:\Yogesh\Testing\Office Work Projects\UI-Chat App\src\chatstack\api\server.py", line 58, in chat
    content = await backend.complete([m.model_dump() for m in req.messages], temperature=req.temperature)
              ^^^^^^^^^^^^^^^^^^^^^^^^^^^^^^^^^^^^^^^^^^^^^^^^^^^^^^^^^^^^^^^^^^^^^^^^^^^^^^^^^^^^^^^^^^^
  File "D:\Yogesh\Testing\Office Work Projects\UI-Chat App\src\chatstack\models\hf_infer.py", line 58, in complete
    result = await asyncio.to_thread(_call)
             ^^^^^^^^^^^^^^^^^^^^^^^^^^^^^^
  File "D:\Yogesh\Python\Lib\asyncio\threads.py", line 25, in to_thread
    return await loop.run_in_executor(None, func_call)
           ^^^^^^^^^^^^^^^^^^^^^^^^^^^^^^^^^^^^^^^^^^^
  File "D:\Yogesh\Python\Lib\concurrent\futures\thread.py", line 59, in run
    result = self.fn(*self.args, **self.kwargs)
  File "D:\Yogesh\Testing\Office Work Projects\UI-Chat App\src\chatstack\models\hf_infer.py", line 49, in _call
    return self.client.text_generation(
           ~~~~~~~~~~~~~~~~~~~~~~~~~~~^
        prompt,
        ^^^^^^^
    ...<3 lines>...
        return_full_text=False,
        ^^^^^^^^^^^^^^^^^^^^^^^
    )
    ^
  File "D:\Yogesh\Testing\Office Work Projects\UI-Chat App\.venv\Lib\site-packages\huggingface_hub\inference\_client.py", line 2415, in text_generation
    raise_text_generation_error(e)
    ~~~~~~~~~~~~~~~~~~~~~~~~~~~^^^
  File "D:\Yogesh\Testing\Office Work Projects\UI-Chat App\.venv\Lib\site-packages\huggingface_hub\inference\_common.py", line 414, in raise_text_generation_error
    raise http_error
  File "D:\Yogesh\Testing\Office Work Projects\UI-Chat App\.venv\Lib\site-packages\huggingface_hub\inference\_client.py", line 2385, in text_generation
    bytes_output = self._inner_post(request_parameters, stream=stream or False)
  File "D:\Yogesh\Testing\Office Work Projects\UI-Chat App\.venv\Lib\site-packages\huggingface_hub\inference\_client.py", line 284, in _inner_post
    hf_raise_for_status(response)
    ~~~~~~~~~~~~~~~~~~~^^^^^^^^^^
  File "D:\Yogesh\Testing\Office Work Projects\UI-Chat App\.venv\Lib\site-packages\huggingface_hub\utils\_http.py", line 629, in hf_raise_for_status
    raise _format(HfHubHTTPError, str(e), response) from e
huggingface_hub.errors.HfHubHTTPError: Client error '404 Not Found' for url 'https://router.huggingface.co/hf-inference/models/HuggingFaceH4/zephyr-7b-beta' (Request ID: Root=1-690c4269-4a0245bc368660fe2e3416a9;a2a8131e-33f4-4ae4-a2c9-3c55509a8105)
For more information check: https://developer.mozilla.org/en-US/docs/Web/HTTP/Status/404
[INFO] truststore: injected Windows certificate store for SSL
[INFO] truststore: injected Windows certificate store for SSL
[ERROR] HF Inference error: Client error '404 Not Found' for url 'https://router.huggingface.co/hf-inference/text-generation?model=HuggingFaceH4/zephyr-7b-beta'
For more information check: https://developer.mozilla.org/en-US/docs/Web/HTTP/Status/404
Traceback (most recent call last):
  File "D:\Yogesh\Testing\Office Work Projects\UI-Chat App\src\chatstack\models\hf_infer.py", line 81, in complete
    result = await asyncio.to_thread(_call)
             ^^^^^^^^^^^^^^^^^^^^^^^^^^^^^^
  File "D:\Yogesh\Python\Lib\asyncio\threads.py", line 25, in to_thread
    return await loop.run_in_executor(None, func_call)
           ^^^^^^^^^^^^^^^^^^^^^^^^^^^^^^^^^^^^^^^^^^^
  File "D:\Yogesh\Python\Lib\concurrent\futures\thread.py", line 59, in run
    result = self.fn(*self.args, **self.kwargs)
  File "D:\Yogesh\Testing\Office Work Projects\UI-Chat App\src\chatstack\models\hf_infer.py", line 68, in _call
    r.raise_for_status()
    ~~~~~~~~~~~~~~~~~~^^
  File "D:\Yogesh\Testing\Office Work Projects\UI-Chat App\.venv\Lib\site-packages\httpx\_models.py", line 829, in raise_for_status
    raise HTTPStatusError(message, request=request, response=self)
httpx.HTTPStatusError: Client error '404 Not Found' for url 'https://router.huggingface.co/hf-inference/text-generation?model=HuggingFaceH4/zephyr-7b-beta'
For more information check: https://developer.mozilla.org/en-US/docs/Web/HTTP/Status/404
[ERROR] Unhandled error: Client error '404 Not Found' for url 'https://router.huggingface.co/hf-inference/text-generation?model=HuggingFaceH4/zephyr-7b-beta'
For more information check: https://developer.mozilla.org/en-US/docs/Web/HTTP/Status/404
Traceback (most recent call last):
  File "D:\Yogesh\Testing\Office Work Projects\UI-Chat App\.venv\Lib\site-packages\starlette\middleware\errors.py", line 164, in __call__
    await self.app(scope, receive, _send)
  File "D:\Yogesh\Testing\Office Work Projects\UI-Chat App\.venv\Lib\site-packages\starlette\middleware\exceptions.py", line 63, in __call__
    await wrap_app_handling_exceptions(self.app, conn)(scope, receive, send)
  File "D:\Yogesh\Testing\Office Work Projects\UI-Chat App\.venv\Lib\site-packages\starlette\_exception_handler.py", line 53, in wrapped_app
    raise exc
  File "D:\Yogesh\Testing\Office Work Projects\UI-Chat App\.venv\Lib\site-packages\starlette\_exception_handler.py", line 42, in wrapped_app
    await app(scope, receive, sender)
  File "D:\Yogesh\Testing\Office Work Projects\UI-Chat App\.venv\Lib\site-packages\fastapi\middleware\asyncexitstack.py", line 18, in __call__
    await self.app(scope, receive, send)
  File "D:\Yogesh\Testing\Office Work Projects\UI-Chat App\.venv\Lib\site-packages\starlette\routing.py", line 716, in __call__
    await self.middleware_stack(scope, receive, send)
  File "D:\Yogesh\Testing\Office Work Projects\UI-Chat App\.venv\Lib\site-packages\starlette\routing.py", line 736, in app
    await route.handle(scope, receive, send)
  File "D:\Yogesh\Testing\Office Work Projects\UI-Chat App\.venv\Lib\site-packages\starlette\routing.py", line 290, in handle
    await self.app(scope, receive, send)
  File "D:\Yogesh\Testing\Office Work Projects\UI-Chat App\.venv\Lib\site-packages\fastapi\routing.py", line 125, in app
    await wrap_app_handling_exceptions(app, request)(scope, receive, send)
  File "D:\Yogesh\Testing\Office Work Projects\UI-Chat App\.venv\Lib\site-packages\starlette\_exception_handler.py", line 53, in wrapped_app
    raise exc
  File "D:\Yogesh\Testing\Office Work Projects\UI-Chat App\.venv\Lib\site-packages\starlette\_exception_handler.py", line 42, in wrapped_app
    await app(scope, receive, sender)
  File "D:\Yogesh\Testing\Office Work Projects\UI-Chat App\.venv\Lib\site-packages\fastapi\routing.py", line 111, in app
    response = await f(request)
               ^^^^^^^^^^^^^^^^
  File "D:\Yogesh\Testing\Office Work Projects\UI-Chat App\.venv\Lib\site-packages\fastapi\routing.py", line 391, in app
    raw_response = await run_endpoint_function(
                   ^^^^^^^^^^^^^^^^^^^^^^^^^^^^
    ...<3 lines>...
    )
    ^
  File "D:\Yogesh\Testing\Office Work Projects\UI-Chat App\.venv\Lib\site-packages\fastapi\routing.py", line 290, in run_endpoint_function
    return await dependant.call(**values)
           ^^^^^^^^^^^^^^^^^^^^^^^^^^^^^^
  File "D:\Yogesh\Testing\Office Work Projects\UI-Chat App\src\chatstack\api\server.py", line 58, in chat
    content = await backend.complete([m.model_dump() for m in req.messages], temperature=req.temperature)
              ^^^^^^^^^^^^^^^^^^^^^^^^^^^^^^^^^^^^^^^^^^^^^^^^^^^^^^^^^^^^^^^^^^^^^^^^^^^^^^^^^^^^^^^^^^^
  File "D:\Yogesh\Testing\Office Work Projects\UI-Chat App\src\chatstack\models\hf_infer.py", line 81, in complete
    result = await asyncio.to_thread(_call)
             ^^^^^^^^^^^^^^^^^^^^^^^^^^^^^^
  File "D:\Yogesh\Python\Lib\asyncio\threads.py", line 25, in to_thread
    return await loop.run_in_executor(None, func_call)
           ^^^^^^^^^^^^^^^^^^^^^^^^^^^^^^^^^^^^^^^^^^^
  File "D:\Yogesh\Python\Lib\concurrent\futures\thread.py", line 59, in run
    result = self.fn(*self.args, **self.kwargs)
  File "D:\Yogesh\Testing\Office Work Projects\UI-Chat App\src\chatstack\models\hf_infer.py", line 68, in _call
    r.raise_for_status()
    ~~~~~~~~~~~~~~~~~~^^
  File "D:\Yogesh\Testing\Office Work Projects\UI-Chat App\.venv\Lib\site-packages\httpx\_models.py", line 829, in raise_for_status
    raise HTTPStatusError(message, request=request, response=self)
httpx.HTTPStatusError: Client error '404 Not Found' for url 'https://router.huggingface.co/hf-inference/text-generation?model=HuggingFaceH4/zephyr-7b-beta'
For more information check: https://developer.mozilla.org/en-US/docs/Web/HTTP/Status/404
[INFO] truststore: injected Windows certificate store for SSL
[ERROR] HF Inference error: Client error '404 Not Found' for url 'https://router.huggingface.co/hf-inference/text-generation?model=HuggingFaceH4%2Fzephyr-7b-beta'
For more information check: https://developer.mozilla.org/en-US/docs/Web/HTTP/Status/404
Traceback (most recent call last):
  File "D:\Yogesh\Testing\Office Work Projects\UI-Chat App\src\chatstack\models\hf_infer.py", line 82, in complete
    result = await asyncio.to_thread(_call)
             ^^^^^^^^^^^^^^^^^^^^^^^^^^^^^^
  File "D:\Yogesh\Python\Lib\asyncio\threads.py", line 25, in to_thread
    return await loop.run_in_executor(None, func_call)
           ^^^^^^^^^^^^^^^^^^^^^^^^^^^^^^^^^^^^^^^^^^^
  File "D:\Yogesh\Python\Lib\concurrent\futures\thread.py", line 59, in run
    result = self.fn(*self.args, **self.kwargs)
  File "D:\Yogesh\Testing\Office Work Projects\UI-Chat App\src\chatstack\models\hf_infer.py", line 69, in _call
    r.raise_for_status()
    ~~~~~~~~~~~~~~~~~~^^
  File "D:\Yogesh\Testing\Office Work Projects\UI-Chat App\.venv\Lib\site-packages\httpx\_models.py", line 829, in raise_for_status
    raise HTTPStatusError(message, request=request, response=self)
httpx.HTTPStatusError: Client error '404 Not Found' for url 'https://router.huggingface.co/hf-inference/text-generation?model=HuggingFaceH4%2Fzephyr-7b-beta'
For more information check: https://developer.mozilla.org/en-US/docs/Web/HTTP/Status/404
[ERROR] Unhandled error: Client error '404 Not Found' for url 'https://router.huggingface.co/hf-inference/text-generation?model=HuggingFaceH4%2Fzephyr-7b-beta'
For more information check: https://developer.mozilla.org/en-US/docs/Web/HTTP/Status/404
Traceback (most recent call last):
  File "D:\Yogesh\Testing\Office Work Projects\UI-Chat App\.venv\Lib\site-packages\starlette\middleware\errors.py", line 164, in __call__
    await self.app(scope, receive, _send)
  File "D:\Yogesh\Testing\Office Work Projects\UI-Chat App\.venv\Lib\site-packages\starlette\middleware\exceptions.py", line 63, in __call__
    await wrap_app_handling_exceptions(self.app, conn)(scope, receive, send)
  File "D:\Yogesh\Testing\Office Work Projects\UI-Chat App\.venv\Lib\site-packages\starlette\_exception_handler.py", line 53, in wrapped_app
    raise exc
  File "D:\Yogesh\Testing\Office Work Projects\UI-Chat App\.venv\Lib\site-packages\starlette\_exception_handler.py", line 42, in wrapped_app
    await app(scope, receive, sender)
  File "D:\Yogesh\Testing\Office Work Projects\UI-Chat App\.venv\Lib\site-packages\fastapi\middleware\asyncexitstack.py", line 18, in __call__
    await self.app(scope, receive, send)
  File "D:\Yogesh\Testing\Office Work Projects\UI-Chat App\.venv\Lib\site-packages\starlette\routing.py", line 716, in __call__
    await self.middleware_stack(scope, receive, send)
  File "D:\Yogesh\Testing\Office Work Projects\UI-Chat App\.venv\Lib\site-packages\starlette\routing.py", line 736, in app
    await route.handle(scope, receive, send)
  File "D:\Yogesh\Testing\Office Work Projects\UI-Chat App\.venv\Lib\site-packages\starlette\routing.py", line 290, in handle
    await self.app(scope, receive, send)
  File "D:\Yogesh\Testing\Office Work Projects\UI-Chat App\.venv\Lib\site-packages\fastapi\routing.py", line 125, in app
    await wrap_app_handling_exceptions(app, request)(scope, receive, send)
  File "D:\Yogesh\Testing\Office Work Projects\UI-Chat App\.venv\Lib\site-packages\starlette\_exception_handler.py", line 53, in wrapped_app
    raise exc
  File "D:\Yogesh\Testing\Office Work Projects\UI-Chat App\.venv\Lib\site-packages\starlette\_exception_handler.py", line 42, in wrapped_app
    await app(scope, receive, sender)
  File "D:\Yogesh\Testing\Office Work Projects\UI-Chat App\.venv\Lib\site-packages\fastapi\routing.py", line 111, in app
    response = await f(request)
               ^^^^^^^^^^^^^^^^
  File "D:\Yogesh\Testing\Office Work Projects\UI-Chat App\.venv\Lib\site-packages\fastapi\routing.py", line 391, in app
    raw_response = await run_endpoint_function(
                   ^^^^^^^^^^^^^^^^^^^^^^^^^^^^
    ...<3 lines>...
    )
    ^
  File "D:\Yogesh\Testing\Office Work Projects\UI-Chat App\.venv\Lib\site-packages\fastapi\routing.py", line 290, in run_endpoint_function
    return await dependant.call(**values)
           ^^^^^^^^^^^^^^^^^^^^^^^^^^^^^^
  File "D:\Yogesh\Testing\Office Work Projects\UI-Chat App\src\chatstack\api\server.py", line 58, in chat
    content = await backend.complete([m.model_dump() for m in req.messages], temperature=req.temperature)
              ^^^^^^^^^^^^^^^^^^^^^^^^^^^^^^^^^^^^^^^^^^^^^^^^^^^^^^^^^^^^^^^^^^^^^^^^^^^^^^^^^^^^^^^^^^^
  File "D:\Yogesh\Testing\Office Work Projects\UI-Chat App\src\chatstack\models\hf_infer.py", line 82, in complete
    result = await asyncio.to_thread(_call)
             ^^^^^^^^^^^^^^^^^^^^^^^^^^^^^^
  File "D:\Yogesh\Python\Lib\asyncio\threads.py", line 25, in to_thread
    return await loop.run_in_executor(None, func_call)
           ^^^^^^^^^^^^^^^^^^^^^^^^^^^^^^^^^^^^^^^^^^^
  File "D:\Yogesh\Python\Lib\concurrent\futures\thread.py", line 59, in run
    result = self.fn(*self.args, **self.kwargs)
  File "D:\Yogesh\Testing\Office Work Projects\UI-Chat App\src\chatstack\models\hf_infer.py", line 69, in _call
    r.raise_for_status()
    ~~~~~~~~~~~~~~~~~~^^
  File "D:\Yogesh\Testing\Office Work Projects\UI-Chat App\.venv\Lib\site-packages\httpx\_models.py", line 829, in raise_for_status
    raise HTTPStatusError(message, request=request, response=self)
httpx.HTTPStatusError: Client error '404 Not Found' for url 'https://router.huggingface.co/hf-inference/text-generation?model=HuggingFaceH4%2Fzephyr-7b-beta'
For more information check: https://developer.mozilla.org/en-US/docs/Web/HTTP/Status/404
[INFO] truststore: injected Windows certificate store for SSL
[ERROR] HF Inference error: Client error '404 Not Found' for url 'https://router.huggingface.co/hf-inference/v1/text-generation?model=HuggingFaceH4%2Fzephyr-7b-beta'
For more information check: https://developer.mozilla.org/en-US/docs/Web/HTTP/Status/404
Traceback (most recent call last):
  File "D:\Yogesh\Testing\Office Work Projects\UI-Chat App\src\chatstack\models\hf_infer.py", line 82, in complete
    result = await asyncio.to_thread(_call)
             ^^^^^^^^^^^^^^^^^^^^^^^^^^^^^^
  File "D:\Yogesh\Python\Lib\asyncio\threads.py", line 25, in to_thread
    return await loop.run_in_executor(None, func_call)
           ^^^^^^^^^^^^^^^^^^^^^^^^^^^^^^^^^^^^^^^^^^^
  File "D:\Yogesh\Python\Lib\concurrent\futures\thread.py", line 59, in run
    result = self.fn(*self.args, **self.kwargs)
  File "D:\Yogesh\Testing\Office Work Projects\UI-Chat App\src\chatstack\models\hf_infer.py", line 69, in _call
    r.raise_for_status()
    ~~~~~~~~~~~~~~~~~~^^
  File "D:\Yogesh\Testing\Office Work Projects\UI-Chat App\.venv\Lib\site-packages\httpx\_models.py", line 829, in raise_for_status
    raise HTTPStatusError(message, request=request, response=self)
httpx.HTTPStatusError: Client error '404 Not Found' for url 'https://router.huggingface.co/hf-inference/v1/text-generation?model=HuggingFaceH4%2Fzephyr-7b-beta'
For more information check: https://developer.mozilla.org/en-US/docs/Web/HTTP/Status/404
[ERROR] Unhandled error: Client error '404 Not Found' for url 'https://router.huggingface.co/hf-inference/v1/text-generation?model=HuggingFaceH4%2Fzephyr-7b-beta'
For more information check: https://developer.mozilla.org/en-US/docs/Web/HTTP/Status/404
Traceback (most recent call last):
  File "D:\Yogesh\Testing\Office Work Projects\UI-Chat App\.venv\Lib\site-packages\starlette\middleware\errors.py", line 164, in __call__
    await self.app(scope, receive, _send)
  File "D:\Yogesh\Testing\Office Work Projects\UI-Chat App\.venv\Lib\site-packages\starlette\middleware\exceptions.py", line 63, in __call__
    await wrap_app_handling_exceptions(self.app, conn)(scope, receive, send)
  File "D:\Yogesh\Testing\Office Work Projects\UI-Chat App\.venv\Lib\site-packages\starlette\_exception_handler.py", line 53, in wrapped_app
    raise exc
  File "D:\Yogesh\Testing\Office Work Projects\UI-Chat App\.venv\Lib\site-packages\starlette\_exception_handler.py", line 42, in wrapped_app
    await app(scope, receive, sender)
  File "D:\Yogesh\Testing\Office Work Projects\UI-Chat App\.venv\Lib\site-packages\fastapi\middleware\asyncexitstack.py", line 18, in __call__
    await self.app(scope, receive, send)
  File "D:\Yogesh\Testing\Office Work Projects\UI-Chat App\.venv\Lib\site-packages\starlette\routing.py", line 716, in __call__
    await self.middleware_stack(scope, receive, send)
  File "D:\Yogesh\Testing\Office Work Projects\UI-Chat App\.venv\Lib\site-packages\starlette\routing.py", line 736, in app
    await route.handle(scope, receive, send)
  File "D:\Yogesh\Testing\Office Work Projects\UI-Chat App\.venv\Lib\site-packages\starlette\routing.py", line 290, in handle
    await self.app(scope, receive, send)
  File "D:\Yogesh\Testing\Office Work Projects\UI-Chat App\.venv\Lib\site-packages\fastapi\routing.py", line 125, in app
    await wrap_app_handling_exceptions(app, request)(scope, receive, send)
  File "D:\Yogesh\Testing\Office Work Projects\UI-Chat App\.venv\Lib\site-packages\starlette\_exception_handler.py", line 53, in wrapped_app
    raise exc
  File "D:\Yogesh\Testing\Office Work Projects\UI-Chat App\.venv\Lib\site-packages\starlette\_exception_handler.py", line 42, in wrapped_app
    await app(scope, receive, sender)
  File "D:\Yogesh\Testing\Office Work Projects\UI-Chat App\.venv\Lib\site-packages\fastapi\routing.py", line 111, in app
    response = await f(request)
               ^^^^^^^^^^^^^^^^
  File "D:\Yogesh\Testing\Office Work Projects\UI-Chat App\.venv\Lib\site-packages\fastapi\routing.py", line 391, in app
    raw_response = await run_endpoint_function(
                   ^^^^^^^^^^^^^^^^^^^^^^^^^^^^
    ...<3 lines>...
    )
    ^
  File "D:\Yogesh\Testing\Office Work Projects\UI-Chat App\.venv\Lib\site-packages\fastapi\routing.py", line 290, in run_endpoint_function
    return await dependant.call(**values)
           ^^^^^^^^^^^^^^^^^^^^^^^^^^^^^^
  File "D:\Yogesh\Testing\Office Work Projects\UI-Chat App\src\chatstack\api\server.py", line 58, in chat
    content = await backend.complete([m.model_dump() for m in req.messages], temperature=req.temperature)
              ^^^^^^^^^^^^^^^^^^^^^^^^^^^^^^^^^^^^^^^^^^^^^^^^^^^^^^^^^^^^^^^^^^^^^^^^^^^^^^^^^^^^^^^^^^^
  File "D:\Yogesh\Testing\Office Work Projects\UI-Chat App\src\chatstack\models\hf_infer.py", line 82, in complete
    result = await asyncio.to_thread(_call)
             ^^^^^^^^^^^^^^^^^^^^^^^^^^^^^^
  File "D:\Yogesh\Python\Lib\asyncio\threads.py", line 25, in to_thread
    return await loop.run_in_executor(None, func_call)
           ^^^^^^^^^^^^^^^^^^^^^^^^^^^^^^^^^^^^^^^^^^^
  File "D:\Yogesh\Python\Lib\concurrent\futures\thread.py", line 59, in run
    result = self.fn(*self.args, **self.kwargs)
  File "D:\Yogesh\Testing\Office Work Projects\UI-Chat App\src\chatstack\models\hf_infer.py", line 69, in _call
    r.raise_for_status()
    ~~~~~~~~~~~~~~~~~~^^
  File "D:\Yogesh\Testing\Office Work Projects\UI-Chat App\.venv\Lib\site-packages\httpx\_models.py", line 829, in raise_for_status
    raise HTTPStatusError(message, request=request, response=self)
httpx.HTTPStatusError: Client error '404 Not Found' for url 'https://router.huggingface.co/hf-inference/v1/text-generation?model=HuggingFaceH4%2Fzephyr-7b-beta'
For more information check: https://developer.mozilla.org/en-US/docs/Web/HTTP/Status/404
[INFO] truststore: injected Windows certificate store for SSL
[ERROR] HF Inference error: Client error '400 Bad Request' for url 'https://router.huggingface.co/v1/chat/completions'
For more information check: https://developer.mozilla.org/en-US/docs/Web/HTTP/Status/400
Traceback (most recent call last):
  File "D:\Yogesh\Testing\Office Work Projects\UI-Chat App\src\chatstack\models\hf_infer.py", line 84, in complete
    result = await asyncio.to_thread(_call)
             ^^^^^^^^^^^^^^^^^^^^^^^^^^^^^^
  File "D:\Yogesh\Python\Lib\asyncio\threads.py", line 25, in to_thread
    return await loop.run_in_executor(None, func_call)
           ^^^^^^^^^^^^^^^^^^^^^^^^^^^^^^^^^^^^^^^^^^^
  File "D:\Yogesh\Python\Lib\concurrent\futures\thread.py", line 59, in run
    result = self.fn(*self.args, **self.kwargs)
  File "D:\Yogesh\Testing\Office Work Projects\UI-Chat App\src\chatstack\models\hf_infer.py", line 70, in _call
    r.raise_for_status()
    ~~~~~~~~~~~~~~~~~~^^
  File "D:\Yogesh\Testing\Office Work Projects\UI-Chat App\.venv\Lib\site-packages\httpx\_models.py", line 829, in raise_for_status
    raise HTTPStatusError(message, request=request, response=self)
httpx.HTTPStatusError: Client error '400 Bad Request' for url 'https://router.huggingface.co/v1/chat/completions'
For more information check: https://developer.mozilla.org/en-US/docs/Web/HTTP/Status/400
[ERROR] Unhandled error: Client error '400 Bad Request' for url 'https://router.huggingface.co/v1/chat/completions'
For more information check: https://developer.mozilla.org/en-US/docs/Web/HTTP/Status/400
Traceback (most recent call last):
  File "D:\Yogesh\Testing\Office Work Projects\UI-Chat App\.venv\Lib\site-packages\starlette\middleware\errors.py", line 164, in __call__
    await self.app(scope, receive, _send)
  File "D:\Yogesh\Testing\Office Work Projects\UI-Chat App\.venv\Lib\site-packages\starlette\middleware\exceptions.py", line 63, in __call__
    await wrap_app_handling_exceptions(self.app, conn)(scope, receive, send)
  File "D:\Yogesh\Testing\Office Work Projects\UI-Chat App\.venv\Lib\site-packages\starlette\_exception_handler.py", line 53, in wrapped_app
    raise exc
  File "D:\Yogesh\Testing\Office Work Projects\UI-Chat App\.venv\Lib\site-packages\starlette\_exception_handler.py", line 42, in wrapped_app
    await app(scope, receive, sender)
  File "D:\Yogesh\Testing\Office Work Projects\UI-Chat App\.venv\Lib\site-packages\fastapi\middleware\asyncexitstack.py", line 18, in __call__
    await self.app(scope, receive, send)
  File "D:\Yogesh\Testing\Office Work Projects\UI-Chat App\.venv\Lib\site-packages\starlette\routing.py", line 716, in __call__
    await self.middleware_stack(scope, receive, send)
  File "D:\Yogesh\Testing\Office Work Projects\UI-Chat App\.venv\Lib\site-packages\starlette\routing.py", line 736, in app
    await route.handle(scope, receive, send)
  File "D:\Yogesh\Testing\Office Work Projects\UI-Chat App\.venv\Lib\site-packages\starlette\routing.py", line 290, in handle
    await self.app(scope, receive, send)
  File "D:\Yogesh\Testing\Office Work Projects\UI-Chat App\.venv\Lib\site-packages\fastapi\routing.py", line 125, in app
    await wrap_app_handling_exceptions(app, request)(scope, receive, send)
  File "D:\Yogesh\Testing\Office Work Projects\UI-Chat App\.venv\Lib\site-packages\starlette\_exception_handler.py", line 53, in wrapped_app
    raise exc
  File "D:\Yogesh\Testing\Office Work Projects\UI-Chat App\.venv\Lib\site-packages\starlette\_exception_handler.py", line 42, in wrapped_app
    await app(scope, receive, sender)
  File "D:\Yogesh\Testing\Office Work Projects\UI-Chat App\.venv\Lib\site-packages\fastapi\routing.py", line 111, in app
    response = await f(request)
               ^^^^^^^^^^^^^^^^
  File "D:\Yogesh\Testing\Office Work Projects\UI-Chat App\.venv\Lib\site-packages\fastapi\routing.py", line 391, in app
    raw_response = await run_endpoint_function(
                   ^^^^^^^^^^^^^^^^^^^^^^^^^^^^
    ...<3 lines>...
    )
    ^
  File "D:\Yogesh\Testing\Office Work Projects\UI-Chat App\.venv\Lib\site-packages\fastapi\routing.py", line 290, in run_endpoint_function
    return await dependant.call(**values)
           ^^^^^^^^^^^^^^^^^^^^^^^^^^^^^^
  File "D:\Yogesh\Testing\Office Work Projects\UI-Chat App\src\chatstack\api\server.py", line 58, in chat
    content = await backend.complete([m.model_dump() for m in req.messages], temperature=req.temperature)
              ^^^^^^^^^^^^^^^^^^^^^^^^^^^^^^^^^^^^^^^^^^^^^^^^^^^^^^^^^^^^^^^^^^^^^^^^^^^^^^^^^^^^^^^^^^^
  File "D:\Yogesh\Testing\Office Work Projects\UI-Chat App\src\chatstack\models\hf_infer.py", line 84, in complete
    result = await asyncio.to_thread(_call)
             ^^^^^^^^^^^^^^^^^^^^^^^^^^^^^^
  File "D:\Yogesh\Python\Lib\asyncio\threads.py", line 25, in to_thread
    return await loop.run_in_executor(None, func_call)
           ^^^^^^^^^^^^^^^^^^^^^^^^^^^^^^^^^^^^^^^^^^^
  File "D:\Yogesh\Python\Lib\concurrent\futures\thread.py", line 59, in run
    result = self.fn(*self.args, **self.kwargs)
  File "D:\Yogesh\Testing\Office Work Projects\UI-Chat App\src\chatstack\models\hf_infer.py", line 70, in _call
    r.raise_for_status()
    ~~~~~~~~~~~~~~~~~~^^
  File "D:\Yogesh\Testing\Office Work Projects\UI-Chat App\.venv\Lib\site-packages\httpx\_models.py", line 829, in raise_for_status
    raise HTTPStatusError(message, request=request, response=self)
httpx.HTTPStatusError: Client error '400 Bad Request' for url 'https://router.huggingface.co/v1/chat/completions'
For more information check: https://developer.mozilla.org/en-US/docs/Web/HTTP/Status/400
[INFO] truststore: injected Windows certificate store for SSL
[INFO] truststore: injected Windows certificate store for SSL
[ERROR] HF chat completions error 400: {"error":{"message":"The requested model 'HuggingFaceH4/zephyr-7b-beta' is not supported by any provider you have enabled.","type":"invalid_request_error","param":"model","code":"model_not_supported"}}
[ERROR] HF Inference error: Client error '400 Bad Request' for url 'https://router.huggingface.co/v1/chat/completions'
For more information check: https://developer.mozilla.org/en-US/docs/Web/HTTP/Status/400
Traceback (most recent call last):
  File "D:\Yogesh\Testing\Office Work Projects\UI-Chat App\src\chatstack\models\hf_infer.py", line 90, in complete
    result = await asyncio.to_thread(_call)
             ^^^^^^^^^^^^^^^^^^^^^^^^^^^^^^
  File "D:\Yogesh\Python\Lib\asyncio\threads.py", line 25, in to_thread
    return await loop.run_in_executor(None, func_call)
           ^^^^^^^^^^^^^^^^^^^^^^^^^^^^^^^^^^^^^^^^^^^
  File "D:\Yogesh\Python\Lib\concurrent\futures\thread.py", line 59, in run
    result = self.fn(*self.args, **self.kwargs)
  File "D:\Yogesh\Testing\Office Work Projects\UI-Chat App\src\chatstack\models\hf_infer.py", line 76, in _call
    r.raise_for_status()
    ~~~~~~~~~~~~~~~~~~^^
  File "D:\Yogesh\Testing\Office Work Projects\UI-Chat App\.venv\Lib\site-packages\httpx\_models.py", line 829, in raise_for_status
    raise HTTPStatusError(message, request=request, response=self)
httpx.HTTPStatusError: Client error '400 Bad Request' for url 'https://router.huggingface.co/v1/chat/completions'
For more information check: https://developer.mozilla.org/en-US/docs/Web/HTTP/Status/400
[ERROR] Unhandled error: Client error '400 Bad Request' for url 'https://router.huggingface.co/v1/chat/completions'
For more information check: https://developer.mozilla.org/en-US/docs/Web/HTTP/Status/400
Traceback (most recent call last):
  File "D:\Yogesh\Testing\Office Work Projects\UI-Chat App\.venv\Lib\site-packages\starlette\middleware\errors.py", line 164, in __call__
    await self.app(scope, receive, _send)
  File "D:\Yogesh\Testing\Office Work Projects\UI-Chat App\.venv\Lib\site-packages\starlette\middleware\exceptions.py", line 63, in __call__
    await wrap_app_handling_exceptions(self.app, conn)(scope, receive, send)
  File "D:\Yogesh\Testing\Office Work Projects\UI-Chat App\.venv\Lib\site-packages\starlette\_exception_handler.py", line 53, in wrapped_app
    raise exc
  File "D:\Yogesh\Testing\Office Work Projects\UI-Chat App\.venv\Lib\site-packages\starlette\_exception_handler.py", line 42, in wrapped_app
    await app(scope, receive, sender)
  File "D:\Yogesh\Testing\Office Work Projects\UI-Chat App\.venv\Lib\site-packages\fastapi\middleware\asyncexitstack.py", line 18, in __call__
    await self.app(scope, receive, send)
  File "D:\Yogesh\Testing\Office Work Projects\UI-Chat App\.venv\Lib\site-packages\starlette\routing.py", line 716, in __call__
    await self.middleware_stack(scope, receive, send)
  File "D:\Yogesh\Testing\Office Work Projects\UI-Chat App\.venv\Lib\site-packages\starlette\routing.py", line 736, in app
    await route.handle(scope, receive, send)
  File "D:\Yogesh\Testing\Office Work Projects\UI-Chat App\.venv\Lib\site-packages\starlette\routing.py", line 290, in handle
    await self.app(scope, receive, send)
  File "D:\Yogesh\Testing\Office Work Projects\UI-Chat App\.venv\Lib\site-packages\fastapi\routing.py", line 125, in app
    await wrap_app_handling_exceptions(app, request)(scope, receive, send)
  File "D:\Yogesh\Testing\Office Work Projects\UI-Chat App\.venv\Lib\site-packages\starlette\_exception_handler.py", line 53, in wrapped_app
    raise exc
  File "D:\Yogesh\Testing\Office Work Projects\UI-Chat App\.venv\Lib\site-packages\starlette\_exception_handler.py", line 42, in wrapped_app
    await app(scope, receive, sender)
  File "D:\Yogesh\Testing\Office Work Projects\UI-Chat App\.venv\Lib\site-packages\fastapi\routing.py", line 111, in app
    response = await f(request)
               ^^^^^^^^^^^^^^^^
  File "D:\Yogesh\Testing\Office Work Projects\UI-Chat App\.venv\Lib\site-packages\fastapi\routing.py", line 391, in app
    raw_response = await run_endpoint_function(
                   ^^^^^^^^^^^^^^^^^^^^^^^^^^^^
    ...<3 lines>...
    )
    ^
  File "D:\Yogesh\Testing\Office Work Projects\UI-Chat App\.venv\Lib\site-packages\fastapi\routing.py", line 290, in run_endpoint_function
    return await dependant.call(**values)
           ^^^^^^^^^^^^^^^^^^^^^^^^^^^^^^
  File "D:\Yogesh\Testing\Office Work Projects\UI-Chat App\src\chatstack\api\server.py", line 58, in chat
    content = await backend.complete([m.model_dump() for m in req.messages], temperature=req.temperature)
              ^^^^^^^^^^^^^^^^^^^^^^^^^^^^^^^^^^^^^^^^^^^^^^^^^^^^^^^^^^^^^^^^^^^^^^^^^^^^^^^^^^^^^^^^^^^
  File "D:\Yogesh\Testing\Office Work Projects\UI-Chat App\src\chatstack\models\hf_infer.py", line 90, in complete
    result = await asyncio.to_thread(_call)
             ^^^^^^^^^^^^^^^^^^^^^^^^^^^^^^
  File "D:\Yogesh\Python\Lib\asyncio\threads.py", line 25, in to_thread
    return await loop.run_in_executor(None, func_call)
           ^^^^^^^^^^^^^^^^^^^^^^^^^^^^^^^^^^^^^^^^^^^
  File "D:\Yogesh\Python\Lib\concurrent\futures\thread.py", line 59, in run
    result = self.fn(*self.args, **self.kwargs)
  File "D:\Yogesh\Testing\Office Work Projects\UI-Chat App\src\chatstack\models\hf_infer.py", line 76, in _call
    r.raise_for_status()
    ~~~~~~~~~~~~~~~~~~^^
  File "D:\Yogesh\Testing\Office Work Projects\UI-Chat App\.venv\Lib\site-packages\httpx\_models.py", line 829, in raise_for_status
    raise HTTPStatusError(message, request=request, response=self)
httpx.HTTPStatusError: Client error '400 Bad Request' for url 'https://router.huggingface.co/v1/chat/completions'
For more information check: https://developer.mozilla.org/en-US/docs/Web/HTTP/Status/400
[INFO] truststore: injected Windows certificate store for SSL
[ERROR] HF chat completions error 400 for model HuggingFaceH4/zephyr-7b-beta: {"error":{"message":"The requested model 'HuggingFaceH4/zephyr-7b-beta' is not supported by any provider you have enabled.","type":"invalid_request_error","param":"model","code":"model_not_supported"}}
[WARNING] Retrying HF chat with provider policy suffix ':fastest' -> HuggingFaceH4/zephyr-7b-beta:fastest
[ERROR] HF chat completions error 400 for model HuggingFaceH4/zephyr-7b-beta:fastest: {"error":{"message":"The requested model 'HuggingFaceH4/zephyr-7b-beta' is not supported by any provider you have enabled.","type":"invalid_request_error","param":"model","code":"model_not_supported"}}
[ERROR] HF Inference error: Client error '400 Bad Request' for url 'https://router.huggingface.co/v1/chat/completions'
For more information check: https://developer.mozilla.org/en-US/docs/Web/HTTP/Status/400
Traceback (most recent call last):
  File "D:\Yogesh\Testing\Office Work Projects\UI-Chat App\src\chatstack\models\hf_infer.py", line 81, in _call
    data = do_request(model_to_use)
  File "D:\Yogesh\Testing\Office Work Projects\UI-Chat App\src\chatstack\models\hf_infer.py", line 76, in do_request
    r.raise_for_status()
    ~~~~~~~~~~~~~~~~~~^^
  File "D:\Yogesh\Testing\Office Work Projects\UI-Chat App\.venv\Lib\site-packages\httpx\_models.py", line 829, in raise_for_status
    raise HTTPStatusError(message, request=request, response=self)
httpx.HTTPStatusError: Client error '400 Bad Request' for url 'https://router.huggingface.co/v1/chat/completions'
For more information check: https://developer.mozilla.org/en-US/docs/Web/HTTP/Status/400

During handling of the above exception, another exception occurred:

Traceback (most recent call last):
  File "D:\Yogesh\Testing\Office Work Projects\UI-Chat App\src\chatstack\models\hf_infer.py", line 102, in complete
    result = await asyncio.to_thread(_call)
             ^^^^^^^^^^^^^^^^^^^^^^^^^^^^^^
  File "D:\Yogesh\Python\Lib\asyncio\threads.py", line 25, in to_thread
    return await loop.run_in_executor(None, func_call)
           ^^^^^^^^^^^^^^^^^^^^^^^^^^^^^^^^^^^^^^^^^^^
  File "D:\Yogesh\Python\Lib\concurrent\futures\thread.py", line 59, in run
    result = self.fn(*self.args, **self.kwargs)
  File "D:\Yogesh\Testing\Office Work Projects\UI-Chat App\src\chatstack\models\hf_infer.py", line 87, in _call
    data = do_request(fallback_model)
  File "D:\Yogesh\Testing\Office Work Projects\UI-Chat App\src\chatstack\models\hf_infer.py", line 76, in do_request
    r.raise_for_status()
    ~~~~~~~~~~~~~~~~~~^^
  File "D:\Yogesh\Testing\Office Work Projects\UI-Chat App\.venv\Lib\site-packages\httpx\_models.py", line 829, in raise_for_status
    raise HTTPStatusError(message, request=request, response=self)
httpx.HTTPStatusError: Client error '400 Bad Request' for url 'https://router.huggingface.co/v1/chat/completions'
For more information check: https://developer.mozilla.org/en-US/docs/Web/HTTP/Status/400
[ERROR] Unhandled error: Client error '400 Bad Request' for url 'https://router.huggingface.co/v1/chat/completions'
For more information check: https://developer.mozilla.org/en-US/docs/Web/HTTP/Status/400
Traceback (most recent call last):
  File "D:\Yogesh\Testing\Office Work Projects\UI-Chat App\src\chatstack\models\hf_infer.py", line 81, in _call
    data = do_request(model_to_use)
  File "D:\Yogesh\Testing\Office Work Projects\UI-Chat App\src\chatstack\models\hf_infer.py", line 76, in do_request
    r.raise_for_status()
    ~~~~~~~~~~~~~~~~~~^^
  File "D:\Yogesh\Testing\Office Work Projects\UI-Chat App\.venv\Lib\site-packages\httpx\_models.py", line 829, in raise_for_status
    raise HTTPStatusError(message, request=request, response=self)
httpx.HTTPStatusError: Client error '400 Bad Request' for url 'https://router.huggingface.co/v1/chat/completions'
For more information check: https://developer.mozilla.org/en-US/docs/Web/HTTP/Status/400

During handling of the above exception, another exception occurred:

Traceback (most recent call last):
  File "D:\Yogesh\Testing\Office Work Projects\UI-Chat App\.venv\Lib\site-packages\starlette\middleware\errors.py", line 164, in __call__
    await self.app(scope, receive, _send)
  File "D:\Yogesh\Testing\Office Work Projects\UI-Chat App\.venv\Lib\site-packages\starlette\middleware\exceptions.py", line 63, in __call__
    await wrap_app_handling_exceptions(self.app, conn)(scope, receive, send)
  File "D:\Yogesh\Testing\Office Work Projects\UI-Chat App\.venv\Lib\site-packages\starlette\_exception_handler.py", line 53, in wrapped_app
    raise exc
  File "D:\Yogesh\Testing\Office Work Projects\UI-Chat App\.venv\Lib\site-packages\starlette\_exception_handler.py", line 42, in wrapped_app
    await app(scope, receive, sender)
  File "D:\Yogesh\Testing\Office Work Projects\UI-Chat App\.venv\Lib\site-packages\fastapi\middleware\asyncexitstack.py", line 18, in __call__
    await self.app(scope, receive, send)
  File "D:\Yogesh\Testing\Office Work Projects\UI-Chat App\.venv\Lib\site-packages\starlette\routing.py", line 716, in __call__
    await self.middleware_stack(scope, receive, send)
  File "D:\Yogesh\Testing\Office Work Projects\UI-Chat App\.venv\Lib\site-packages\starlette\routing.py", line 736, in app
    await route.handle(scope, receive, send)
  File "D:\Yogesh\Testing\Office Work Projects\UI-Chat App\.venv\Lib\site-packages\starlette\routing.py", line 290, in handle
    await self.app(scope, receive, send)
  File "D:\Yogesh\Testing\Office Work Projects\UI-Chat App\.venv\Lib\site-packages\fastapi\routing.py", line 125, in app
    await wrap_app_handling_exceptions(app, request)(scope, receive, send)
  File "D:\Yogesh\Testing\Office Work Projects\UI-Chat App\.venv\Lib\site-packages\starlette\_exception_handler.py", line 53, in wrapped_app
    raise exc
  File "D:\Yogesh\Testing\Office Work Projects\UI-Chat App\.venv\Lib\site-packages\starlette\_exception_handler.py", line 42, in wrapped_app
    await app(scope, receive, sender)
  File "D:\Yogesh\Testing\Office Work Projects\UI-Chat App\.venv\Lib\site-packages\fastapi\routing.py", line 111, in app
    response = await f(request)
               ^^^^^^^^^^^^^^^^
  File "D:\Yogesh\Testing\Office Work Projects\UI-Chat App\.venv\Lib\site-packages\fastapi\routing.py", line 391, in app
    raw_response = await run_endpoint_function(
                   ^^^^^^^^^^^^^^^^^^^^^^^^^^^^
    ...<3 lines>...
    )
    ^
  File "D:\Yogesh\Testing\Office Work Projects\UI-Chat App\.venv\Lib\site-packages\fastapi\routing.py", line 290, in run_endpoint_function
    return await dependant.call(**values)
           ^^^^^^^^^^^^^^^^^^^^^^^^^^^^^^
  File "D:\Yogesh\Testing\Office Work Projects\UI-Chat App\src\chatstack\api\server.py", line 58, in chat
    content = await backend.complete([m.model_dump() for m in req.messages], temperature=req.temperature)
              ^^^^^^^^^^^^^^^^^^^^^^^^^^^^^^^^^^^^^^^^^^^^^^^^^^^^^^^^^^^^^^^^^^^^^^^^^^^^^^^^^^^^^^^^^^^
  File "D:\Yogesh\Testing\Office Work Projects\UI-Chat App\src\chatstack\models\hf_infer.py", line 102, in complete
    result = await asyncio.to_thread(_call)
             ^^^^^^^^^^^^^^^^^^^^^^^^^^^^^^
  File "D:\Yogesh\Python\Lib\asyncio\threads.py", line 25, in to_thread
    return await loop.run_in_executor(None, func_call)
           ^^^^^^^^^^^^^^^^^^^^^^^^^^^^^^^^^^^^^^^^^^^
  File "D:\Yogesh\Python\Lib\concurrent\futures\thread.py", line 59, in run
    result = self.fn(*self.args, **self.kwargs)
  File "D:\Yogesh\Testing\Office Work Projects\UI-Chat App\src\chatstack\models\hf_infer.py", line 87, in _call
    data = do_request(fallback_model)
  File "D:\Yogesh\Testing\Office Work Projects\UI-Chat App\src\chatstack\models\hf_infer.py", line 76, in do_request
    r.raise_for_status()
    ~~~~~~~~~~~~~~~~~~^^
  File "D:\Yogesh\Testing\Office Work Projects\UI-Chat App\.venv\Lib\site-packages\httpx\_models.py", line 829, in raise_for_status
    raise HTTPStatusError(message, request=request, response=self)
httpx.HTTPStatusError: Client error '400 Bad Request' for url 'https://router.huggingface.co/v1/chat/completions'
For more information check: https://developer.mozilla.org/en-US/docs/Web/HTTP/Status/400
[INFO] truststore: injected Windows certificate store for SSL
[INFO] truststore: injected Windows certificate store for SSL
[INFO] truststore: injected Windows certificate store for SSL
[INFO] truststore: injected Windows certificate store for SSL
[INFO] truststore: injected Windows certificate store for SSL
[INFO] truststore: injected Windows certificate store for SSL
[INFO] truststore: injected Windows certificate store for SSL
[INFO] truststore: injected Windows certificate store for SSL
[INFO] truststore: injected Windows certificate store for SSL
[INFO] truststore: injected Windows certificate store for SSL
[INFO] truststore: injected Windows certificate store for SSL
[INFO] truststore: injected Windows certificate store for SSL
[INFO] truststore: injected Windows certificate store for SSL
[ERROR] Unhandled error: Client error '404 Not Found' for url 'https://generativelanguage.googleapis.com/v1beta/models/gemini-1.5-flash:generateContent?key=AIzaSyDQgdg6Xq0h6qbtqGGsi552D6doX2PeJJc'
For more information check: https://developer.mozilla.org/en-US/docs/Web/HTTP/Status/404
Traceback (most recent call last):
  File "D:\Yogesh\Testing\Office Work Projects\UI-Chat App\.venv\Lib\site-packages\starlette\middleware\errors.py", line 164, in __call__
    await self.app(scope, receive, _send)
  File "D:\Yogesh\Testing\Office Work Projects\UI-Chat App\.venv\Lib\site-packages\starlette\middleware\exceptions.py", line 63, in __call__
    await wrap_app_handling_exceptions(self.app, conn)(scope, receive, send)
  File "D:\Yogesh\Testing\Office Work Projects\UI-Chat App\.venv\Lib\site-packages\starlette\_exception_handler.py", line 53, in wrapped_app
    raise exc
  File "D:\Yogesh\Testing\Office Work Projects\UI-Chat App\.venv\Lib\site-packages\starlette\_exception_handler.py", line 42, in wrapped_app
    await app(scope, receive, sender)
  File "D:\Yogesh\Testing\Office Work Projects\UI-Chat App\.venv\Lib\site-packages\fastapi\middleware\asyncexitstack.py", line 18, in __call__
    await self.app(scope, receive, send)
  File "D:\Yogesh\Testing\Office Work Projects\UI-Chat App\.venv\Lib\site-packages\starlette\routing.py", line 716, in __call__
    await self.middleware_stack(scope, receive, send)
  File "D:\Yogesh\Testing\Office Work Projects\UI-Chat App\.venv\Lib\site-packages\starlette\routing.py", line 736, in app
    await route.handle(scope, receive, send)
  File "D:\Yogesh\Testing\Office Work Projects\UI-Chat App\.venv\Lib\site-packages\starlette\routing.py", line 290, in handle
    await self.app(scope, receive, send)
  File "D:\Yogesh\Testing\Office Work Projects\UI-Chat App\.venv\Lib\site-packages\fastapi\routing.py", line 125, in app
    await wrap_app_handling_exceptions(app, request)(scope, receive, send)
  File "D:\Yogesh\Testing\Office Work Projects\UI-Chat App\.venv\Lib\site-packages\starlette\_exception_handler.py", line 53, in wrapped_app
    raise exc
  File "D:\Yogesh\Testing\Office Work Projects\UI-Chat App\.venv\Lib\site-packages\starlette\_exception_handler.py", line 42, in wrapped_app
    await app(scope, receive, sender)
  File "D:\Yogesh\Testing\Office Work Projects\UI-Chat App\.venv\Lib\site-packages\fastapi\routing.py", line 111, in app
    response = await f(request)
               ^^^^^^^^^^^^^^^^
  File "D:\Yogesh\Testing\Office Work Projects\UI-Chat App\.venv\Lib\site-packages\fastapi\routing.py", line 391, in app
    raw_response = await run_endpoint_function(
                   ^^^^^^^^^^^^^^^^^^^^^^^^^^^^
    ...<3 lines>...
    )
    ^
  File "D:\Yogesh\Testing\Office Work Projects\UI-Chat App\.venv\Lib\site-packages\fastapi\routing.py", line 290, in run_endpoint_function
    return await dependant.call(**values)
           ^^^^^^^^^^^^^^^^^^^^^^^^^^^^^^
  File "D:\Yogesh\Testing\Office Work Projects\UI-Chat App\src\chatstack\api\server.py", line 213, in agent_endpoint
    content = await backend.complete(agent_request["messages"], temperature=0.7)
              ^^^^^^^^^^^^^^^^^^^^^^^^^^^^^^^^^^^^^^^^^^^^^^^^^^^^^^^^^^^^^^^^^^
  File "D:\Yogesh\Testing\Office Work Projects\UI-Chat App\src\chatstack\models\gemini.py", line 57, in complete
    r.raise_for_status()
    ~~~~~~~~~~~~~~~~~~^^
  File "D:\Yogesh\Testing\Office Work Projects\UI-Chat App\.venv\Lib\site-packages\httpx\_models.py", line 829, in raise_for_status
    raise HTTPStatusError(message, request=request, response=self)
httpx.HTTPStatusError: Client error '404 Not Found' for url 'https://generativelanguage.googleapis.com/v1beta/models/gemini-1.5-flash:generateContent?key=AIzaSyDQgdg6Xq0h6qbtqGGsi552D6doX2PeJJc'
For more information check: https://developer.mozilla.org/en-US/docs/Web/HTTP/Status/404
[INFO] truststore: injected Windows certificate store for SSL
[ERROR] Unhandled error: Client error '404 Not Found' for url 'https://generativelanguage.googleapis.com/v1beta/models/gemini-1.5-flash:generateContent?key=AIzaSyDQgdg6Xq0h6qbtqGGsi552D6doX2PeJJc'
For more information check: https://developer.mozilla.org/en-US/docs/Web/HTTP/Status/404
Traceback (most recent call last):
  File "D:\Yogesh\Testing\Office Work Projects\UI-Chat App\.venv\Lib\site-packages\starlette\middleware\errors.py", line 164, in __call__
    await self.app(scope, receive, _send)
  File "D:\Yogesh\Testing\Office Work Projects\UI-Chat App\.venv\Lib\site-packages\starlette\middleware\exceptions.py", line 63, in __call__
    await wrap_app_handling_exceptions(self.app, conn)(scope, receive, send)
  File "D:\Yogesh\Testing\Office Work Projects\UI-Chat App\.venv\Lib\site-packages\starlette\_exception_handler.py", line 53, in wrapped_app
    raise exc
  File "D:\Yogesh\Testing\Office Work Projects\UI-Chat App\.venv\Lib\site-packages\starlette\_exception_handler.py", line 42, in wrapped_app
    await app(scope, receive, sender)
  File "D:\Yogesh\Testing\Office Work Projects\UI-Chat App\.venv\Lib\site-packages\fastapi\middleware\asyncexitstack.py", line 18, in __call__
    await self.app(scope, receive, send)
  File "D:\Yogesh\Testing\Office Work Projects\UI-Chat App\.venv\Lib\site-packages\starlette\routing.py", line 716, in __call__
    await self.middleware_stack(scope, receive, send)
  File "D:\Yogesh\Testing\Office Work Projects\UI-Chat App\.venv\Lib\site-packages\starlette\routing.py", line 736, in app
    await route.handle(scope, receive, send)
  File "D:\Yogesh\Testing\Office Work Projects\UI-Chat App\.venv\Lib\site-packages\starlette\routing.py", line 290, in handle
    await self.app(scope, receive, send)
  File "D:\Yogesh\Testing\Office Work Projects\UI-Chat App\.venv\Lib\site-packages\fastapi\routing.py", line 125, in app
    await wrap_app_handling_exceptions(app, request)(scope, receive, send)
  File "D:\Yogesh\Testing\Office Work Projects\UI-Chat App\.venv\Lib\site-packages\starlette\_exception_handler.py", line 53, in wrapped_app
    raise exc
  File "D:\Yogesh\Testing\Office Work Projects\UI-Chat App\.venv\Lib\site-packages\starlette\_exception_handler.py", line 42, in wrapped_app
    await app(scope, receive, sender)
  File "D:\Yogesh\Testing\Office Work Projects\UI-Chat App\.venv\Lib\site-packages\fastapi\routing.py", line 111, in app
    response = await f(request)
               ^^^^^^^^^^^^^^^^
  File "D:\Yogesh\Testing\Office Work Projects\UI-Chat App\.venv\Lib\site-packages\fastapi\routing.py", line 391, in app
    raw_response = await run_endpoint_function(
                   ^^^^^^^^^^^^^^^^^^^^^^^^^^^^
    ...<3 lines>...
    )
    ^
  File "D:\Yogesh\Testing\Office Work Projects\UI-Chat App\.venv\Lib\site-packages\fastapi\routing.py", line 290, in run_endpoint_function
    return await dependant.call(**values)
           ^^^^^^^^^^^^^^^^^^^^^^^^^^^^^^
  File "D:\Yogesh\Testing\Office Work Projects\UI-Chat App\src\chatstack\api\server.py", line 213, in agent_endpoint
    content = await backend.complete(agent_request["messages"], temperature=0.7)
              ^^^^^^^^^^^^^^^^^^^^^^^^^^^^^^^^^^^^^^^^^^^^^^^^^^^^^^^^^^^^^^^^^^
  File "D:\Yogesh\Testing\Office Work Projects\UI-Chat App\src\chatstack\models\gemini.py", line 57, in complete
    r.raise_for_status()
    ~~~~~~~~~~~~~~~~~~^^
  File "D:\Yogesh\Testing\Office Work Projects\UI-Chat App\.venv\Lib\site-packages\httpx\_models.py", line 829, in raise_for_status
    raise HTTPStatusError(message, request=request, response=self)
httpx.HTTPStatusError: Client error '404 Not Found' for url 'https://generativelanguage.googleapis.com/v1beta/models/gemini-1.5-flash:generateContent?key=AIzaSyDQgdg6Xq0h6qbtqGGsi552D6doX2PeJJc'
For more information check: https://developer.mozilla.org/en-US/docs/Web/HTTP/Status/404
[INFO] truststore: injected Windows certificate store for SSL
[ERROR] Unhandled error: Client error '404 Not Found' for url 'https://generativelanguage.googleapis.com/v1beta/models/gemini-1.5-flash:generateContent?key=AIzaSyDQgdg6Xq0h6qbtqGGsi552D6doX2PeJJc'
For more information check: https://developer.mozilla.org/en-US/docs/Web/HTTP/Status/404
Traceback (most recent call last):
  File "D:\Yogesh\Testing\Office Work Projects\UI-Chat App\.venv\Lib\site-packages\starlette\middleware\errors.py", line 164, in __call__
    await self.app(scope, receive, _send)
  File "D:\Yogesh\Testing\Office Work Projects\UI-Chat App\.venv\Lib\site-packages\starlette\middleware\exceptions.py", line 63, in __call__
    await wrap_app_handling_exceptions(self.app, conn)(scope, receive, send)
  File "D:\Yogesh\Testing\Office Work Projects\UI-Chat App\.venv\Lib\site-packages\starlette\_exception_handler.py", line 53, in wrapped_app
    raise exc
  File "D:\Yogesh\Testing\Office Work Projects\UI-Chat App\.venv\Lib\site-packages\starlette\_exception_handler.py", line 42, in wrapped_app
    await app(scope, receive, sender)
  File "D:\Yogesh\Testing\Office Work Projects\UI-Chat App\.venv\Lib\site-packages\fastapi\middleware\asyncexitstack.py", line 18, in __call__
    await self.app(scope, receive, send)
  File "D:\Yogesh\Testing\Office Work Projects\UI-Chat App\.venv\Lib\site-packages\starlette\routing.py", line 716, in __call__
    await self.middleware_stack(scope, receive, send)
  File "D:\Yogesh\Testing\Office Work Projects\UI-Chat App\.venv\Lib\site-packages\starlette\routing.py", line 736, in app
    await route.handle(scope, receive, send)
  File "D:\Yogesh\Testing\Office Work Projects\UI-Chat App\.venv\Lib\site-packages\starlette\routing.py", line 290, in handle
    await self.app(scope, receive, send)
  File "D:\Yogesh\Testing\Office Work Projects\UI-Chat App\.venv\Lib\site-packages\fastapi\routing.py", line 125, in app
    await wrap_app_handling_exceptions(app, request)(scope, receive, send)
  File "D:\Yogesh\Testing\Office Work Projects\UI-Chat App\.venv\Lib\site-packages\starlette\_exception_handler.py", line 53, in wrapped_app
    raise exc
  File "D:\Yogesh\Testing\Office Work Projects\UI-Chat App\.venv\Lib\site-packages\starlette\_exception_handler.py", line 42, in wrapped_app
    await app(scope, receive, sender)
  File "D:\Yogesh\Testing\Office Work Projects\UI-Chat App\.venv\Lib\site-packages\fastapi\routing.py", line 111, in app
    response = await f(request)
               ^^^^^^^^^^^^^^^^
  File "D:\Yogesh\Testing\Office Work Projects\UI-Chat App\.venv\Lib\site-packages\fastapi\routing.py", line 391, in app
    raw_response = await run_endpoint_function(
                   ^^^^^^^^^^^^^^^^^^^^^^^^^^^^
    ...<3 lines>...
    )
    ^
  File "D:\Yogesh\Testing\Office Work Projects\UI-Chat App\.venv\Lib\site-packages\fastapi\routing.py", line 290, in run_endpoint_function
    return await dependant.call(**values)
           ^^^^^^^^^^^^^^^^^^^^^^^^^^^^^^
  File "D:\Yogesh\Testing\Office Work Projects\UI-Chat App\src\chatstack\api\server.py", line 213, in agent_endpoint
    content = await backend.complete(agent_request["messages"], temperature=0.7)
              ^^^^^^^^^^^^^^^^^^^^^^^^^^^^^^^^^^^^^^^^^^^^^^^^^^^^^^^^^^^^^^^^^^
  File "D:\Yogesh\Testing\Office Work Projects\UI-Chat App\src\chatstack\models\gemini.py", line 57, in complete
    r.raise_for_status()
    ~~~~~~~~~~~~~~~~~~^^
  File "D:\Yogesh\Testing\Office Work Projects\UI-Chat App\.venv\Lib\site-packages\httpx\_models.py", line 829, in raise_for_status
    raise HTTPStatusError(message, request=request, response=self)
httpx.HTTPStatusError: Client error '404 Not Found' for url 'https://generativelanguage.googleapis.com/v1beta/models/gemini-1.5-flash:generateContent?key=AIzaSyDQgdg6Xq0h6qbtqGGsi552D6doX2PeJJc'
For more information check: https://developer.mozilla.org/en-US/docs/Web/HTTP/Status/404
[INFO] truststore: injected Windows certificate store for SSL
[INFO] truststore: injected Windows certificate store for SSL
[INFO] truststore: injected Windows certificate store for SSL
[INFO] truststore: injected Windows certificate store for SSL
[INFO] truststore: injected Windows certificate store for SSL
[INFO] truststore: injected Windows certificate store for SSL
[INFO] truststore: injected Windows certificate store for SSL
[INFO] truststore: injected Windows certificate store for SSL
[INFO] truststore: injected Windows certificate store for SSL
[INFO] truststore: injected Windows certificate store for SSL
[INFO] truststore: injected Windows certificate store for SSL
[INFO] truststore: injected Windows certificate store for SSL
[INFO] truststore: injected Windows certificate store for SSL
[INFO] truststore: injected Windows certificate store for SSL
[INFO] truststore: injected Windows certificate store for SSL
[INFO] truststore: injected Windows certificate store for SSL
[INFO] truststore: injected Windows certificate store for SSL
[INFO] truststore: injected Windows certificate store for SSL
[INFO] truststore: injected Windows certificate store for SSL
[INFO] truststore: injected Windows certificate store for SSL
[INFO] truststore: injected Windows certificate store for SSL
[INFO] truststore: injected Windows certificate store for SSL
[INFO] truststore: injected Windows certificate store for SSL
[INFO] truststore: injected Windows certificate store for SSL
[INFO] truststore: injected Windows certificate store for SSL
[INFO] truststore: injected Windows certificate store for SSL
[INFO] truststore: injected Windows certificate store for SSL
[INFO] truststore: injected Windows certificate store for SSL
[INFO] truststore: injected Windows certificate store for SSL
[INFO] truststore: injected Windows certificate store for SSL
[INFO] truststore: injected Windows certificate store for SSL
[INFO] truststore: injected Windows certificate store for SSL
[INFO] truststore: injected Windows certificate store for SSL
[INFO] truststore: injected Windows certificate store for SSL
[INFO] truststore: injected Windows certificate store for SSL
[INFO] [startup] settings.env_file: .env (cwd=D:\Yogesh\Testing\Office Work Projects\UI-Chat App)
[INFO] truststore: injected Windows certificate store for SSL
[INFO] [startup] settings.env_file: .env (cwd=D:\Yogesh\Testing\Office Work Projects\UI-Chat App)
[INFO] truststore: injected Windows certificate store for SSL
[INFO] [startup] settings.env_file: .env (cwd=D:\Yogesh\Testing\Office Work Projects\UI-Chat App)
[INFO] truststore: injected Windows certificate store for SSL
[INFO] [startup] settings.env_file: .env (cwd=D:\Yogesh\Testing\Office Work Projects\UI-Chat App)
[INFO] truststore: injected Windows certificate store for SSL
[INFO] [startup] settings.env_file: .env (cwd=D:\Yogesh\Testing\Office Work Projects\UI-Chat App)
[INFO] truststore: injected Windows certificate store for SSL
[INFO] [startup] settings.env_file: .env (cwd=D:\Yogesh\Testing\Office Work Projects\UI-Chat App)
[INFO] truststore: injected Windows certificate store for SSL
[INFO] [startup] settings.env_file: .env (cwd=D:\Yogesh\Testing\Office Work Projects\UI-Chat App)
[INFO] truststore: injected Windows certificate store for SSL
[INFO] [startup] settings.env_file: .env (cwd=D:\Yogesh\Testing\Office Work Projects\UI-Chat App)
[INFO] truststore: injected Windows certificate store for SSL
[INFO] [startup] settings.env_file: .env (cwd=D:\Yogesh\Testing\Office Work Projects\UI-Chat App)
[INFO] truststore: injected Windows certificate store for SSL
[INFO] [startup] settings.env_file: .env (cwd=D:\Yogesh\Testing\Office Work Projects\UI-Chat App)
[INFO] truststore: injected Windows certificate store for SSL
[INFO] [startup] settings.env_file: .env (cwd=D:\Yogesh\Testing\Office Work Projects\UI-Chat App)
[INFO] truststore: injected Windows certificate store for SSL
[INFO] [startup] settings.env_file: .env (cwd=D:\Yogesh\Testing\Office Work Projects\UI-Chat App)
[INFO] truststore: injected Windows certificate store for SSL
[INFO] [startup] settings.env_file: .env (cwd=D:\Yogesh\Testing\Office Work Projects\UI-Chat App)
[INFO] truststore: injected Windows certificate store for SSL
[INFO] [startup] settings.env_file: .env (cwd=D:\Yogesh\Testing\Office Work Projects\UI-Chat App)
[INFO] truststore: injected Windows certificate store for SSL
[INFO] [startup] settings.env_file: .env (cwd=D:\Yogesh\Testing\Office Work Projects\UI-Chat App)
[INFO] truststore: injected Windows certificate store for SSL
[INFO] [startup] settings.env_file: .env (cwd=D:\Yogesh\Testing\Office Work Projects\UI-Chat App)
[INFO] truststore: injected Windows certificate store for SSL
[INFO] [startup] settings.env_file: .env (cwd=D:\Yogesh\Testing\Office Work Projects\UI-Chat App)
[INFO] truststore: injected Windows certificate store for SSL
[INFO] [startup] settings.env_file: .env (cwd=D:\Yogesh\Testing\Office Work Projects\UI-Chat App)
[INFO] truststore: injected Windows certificate store for SSL
[INFO] [startup] settings.env_file: .env (cwd=D:\Yogesh\Testing\Office Work Projects\UI-Chat App)
[INFO] truststore: injected Windows certificate store for SSL
[INFO] [startup] settings.env_file: .env (cwd=D:\Yogesh\Testing\Office Work Projects\UI-Chat App)
